code,title,count,aka
A,"Atmospheric Music",23,""
AA,"Ambient",5,""
AAA,"Dark Ambient",0,"Black Ambient; Ritual Ambient"
AAC,"Space Ambient",0,""
AAD,"Tribal Ambient",0,""
AA8,"Other Ambient",0,""
AA9,"Unspecified Ambient",0,""
AC,"New Age",4,""
ACA,"Regional New Age",0,"Celtic New Age; Native American New Age; New Age Kirtan; Tibetan New Age"
ACC,"Neoclassical New Age",0,""
AC8,"Other New Age",0,""
AC9,"Unspecified New Age",0,""
AD,"Drone",2,""
AD8,"Other Drone",0,""
AD9,"Unspecified Drone",0,""
AE,"Easy Listening",4,""
AEA,"Lounge and Exotica",0,"Exotica; Lounge; Space Age Pop"
AEC,"Pops Orchestra",0,""
AE8,"Other Easy Listening",0,""
AE9,"Unspecified Easy Listening",0,""
A8,"Other Atmospheric Music",1,""
A89,"Misc Atmospheric Music",0,""
A9,"Unspecified Atmospheric Music",1,""
A99,"Undecided Atmospheric Music",0,""
C,"Classical Music",100,""
CA,"Early and Baroque Music",5,""
CAA,"Medieval Music",0,"Ars antiqua; Ars nova; Ars subtilior; Byzantine Chant; Contenance angloise; Medieval Classical Music; Medieval Lyric Poetry"
CAC,"Renaissance Music",0,"Elizabethan Song; Roman School"
CAD,"Baroque Music",0,"Baroque Suite; Zarzuela barroca"
CA8,"Other Early and Baroque Music",0,""
CA9,"Unspecified Early and Baroque Music",0,""
CC,"Opera and Vocal Music",6,""
CCA,"Opera",0,"Ballad Opera; Grand opera; Monodrama; Opera buffa; Opera semiseria; Opera seria; Opera-ballet; Opera-comique; Operetta; Romantische Oper; Singspiel; Tragedie en musique; Verismo; Zeitoper"
CCC,"Ballet",0,"Ballet de cour; Comedie-ballet; Genero chico; Zarzuela; Zarzuela grande"
CCD,"Choral and Vocal Music",0,"Choral; Choral Concerto; Madrigal; Motet; Oratorio; Passion"
CCE,"Art Song",0,"Lied; Melodie; Orchestral Song"
CC8,"Other Opera and Vocal Music",0,""
CC9,"Unspecified Opera and Vocal Music",0,""
CD,"Orchestral and Chamber Music",7,""
CDA,"Orchestral Music",0,"Tone Poem"
CDC,"Concerto",0,"Concerto for Orchestra; Concerto grosso"
CDD,"Chamber Music",0,"Divertissement; Serenade; String Quartet"
CDE,"Symphony",0,"Choral Symphony; Sinfonia concertante"
CDF,"Cinematic Classical",0,"Epic Music; Spaghetti Western"
CD8,"Other Orchestral and Chamber Music",0,""
CD9,"Unspecified Orchestral and Chamber Music",0,""
CE,"Romanticism",4,""
CEA,"New German School",0,""
CEC,"Saint Petersburg School",0,""
CE8,"Other Romanticism",0,""
CE9,"Unspecified Romanticism",0,""
CF,"Modern Classical",14,"American Gamelan"
CFA,"Impressionism",0,""
CFC,"Expressionism",0,""
CFD,"Neoclassicism",0,""
CFE,"Serialism",0,"Integral Serialism"
CFF,"Neoromanticism",0,""
CFH,"Microtonal Classical",0,""
CFJ,"New Complexity",0,""
CFK,"Indeterminacy",0,"Musique concrete instrumentale"
CFM,"Futurism",0,""
CFN,"Stochastic Music",0,""
CFP,"Light Music",0,""
CFR,"English Pastoral School",0,""
CF8,"Other Modern Classical",0,""
CF9,"Unspecified Modern Classical",0,""
CH,"Regional Classical Music",5,""
CHA,"Brazilian Classical Music",0,""
CHC,"Latin American Classical Music",0,""
CHD,"Spanish Classical Music",0,""
CH8,"Other Regional Classical Music",0,""
CH9,"Unspecified Regional Classical Music",0,""
CJ,"East Asian Classical Music",6,""
CJA,"Japanese Classical Music",0,"Danmono; Gagaku; Heikyoku; Honkyoku; Jiuta; Joruri; Kumiuta; Meiji shinkyoku; Nagauta; Noh; Sokyoku"
CJC,"Korean Classical Music",0,"Aak; Dang-ak; Gagok; Hyang-ak; Jeong-ak"
CJD,"Chinese Classical Music",0,"Baisha xiyue; Chinese Literati Music; Dongjing; Yayue"
CJE,"Vietnamese Court Music",0,"Vietnamese Opera"
CJ8,"Other East Asian Classical Music",0,""
CJ9,"Unspecified East Asian Classical Music",0,""
CK,"South Asian Classical Music",5,""
CKA,"Carnatic Classical Music",0,"Konnakol"
CKC,"Hindustani Classical Music",0,"Dhrupad; Khayal; Klasik; Tarana; Thumri"
CKD,"Odissi Classical Music",0,""
CK8,"Other South Asian Classical Music",0,""
CK9,"Unspecified South Asian Classical Music",0,""
CM,"Southeast Asian Classical Music",7,""
CMA,"Gamelan",0,"Balinese Gamelan; Gamelan angklung; Gamelan beleganjur; Gamelan degung; Gamelan gender wayang; Gamelan gong gede; Gamelan gong kebyar; Gamelan jegog; Gamelan sekaten; Gamelan selonding; Gamelan semar pegulingan; Javanese Gamelan; Kakawin; Malay Gamelan; Solonese Gamelan"
CMC,"Thai Classical Music",0,"Fon leb; Khrueang sai; Piphat"
CMD,"Malay Classical Music",0,"Saluang klasik; Talempong; Tembang Sunda Cianjuran"
CME,"Kulintang",0,"Pinpeat"
CMF,"Burmese Classical Music",0,""
CM8,"Other Southeast Asian Classical Music",0,""
CM9,"Unspecified Southeast Asian Classical Music",0,""
CN,"Maqamic Classical Music",9,""
CNA,"Arabic Classical Music",0,"Andalusian Classical Music; Iraqi Maqam"
CNC,"Persian Classical Music",0,""
CND,"Turkish Classical Music",0,""
CNE,"Azerbaijani Mugham",0,""
CNF,"Shashmaqam",0,""
CNH,"Sufiana kalam",0,""
CNJ,"Twelve Muqam",0,""
CN8,"Other Maqamic Classical Music",0,""
CN9,"Unspecified Maqamic Classical Music",0,""
CP,"African and Other Classical",7,""
CPA,"Buganda Royal Court Music",0,""
CPC,"Piobaireachd",0,""
CPD,"Kete",0,""
CPE,"Inkiranya",0,""
CPF,"Minyue",0,""
CP8,"Other African and Other Classical",0,""
CP9,"Unspecified African and Other Classical",0,""
CR,"Tibetan Buddhist Chant",2,""
CR8,"Other Tibetan Buddhist Chant",0,""
CR9,"Unspecified Tibetan Buddhist Chant",0,""
CT,"Minimalist Classical",6,""
CTA,"Process Music",0,""
CTC,"Holy Minimalism",0,""
CTD,"Post-Minimalism",0,"Totalism"
CTE,"Spectralism",0,""
CT8,"Other Minimalist Classical",0,""
CT9,"Unspecified Minimalist Classical",0,""
C8,"Other Classical Music",1,""
C89,"Misc Classical Music",0,"Bagatelle; Canzona; Capriccio; Character Piece; Classic Ragtime; Classical Period; Etude; Fantasia; Fugue; Impromptu; Nocturne; Prelude; Ricercar; Sonata; Theme and Variation; Toccata; Western Classical Music"
C9,"Unspecified Classical Music",1,""
C99,"Undecided Classical Music",0,""
D,"Electronic Dance Music",149,""
DA,"House",19,""
DAA,"Chicago House",0,"Ghetto House; Juke; LA Hard House"
DAC,"Deep House",0,"Lo-Fi House; Microhouse; Organic House; Outsider House"
DAD,"Progressive House",0,""
DAE,"Electro House",0,"Complextro; Dutch House; Fidget House; French Electro; Melbourne Bounce"
DAF,"UK Hard House",0,"Hardbass; Scouse House"
DAH,"French House",0,"Funky House; Garage House; Gospel House; Hip House; Italo House; Jackin House; Jersey Sound; UK Jackin"
DAJ,"Afro House",0,"3-Step; Afropiano; Amapiano; Bacardi; Bubbling House; Kwaito"
DAK,"Tech House",0,"Deep Tech; Rominimal"
DAM,"Future House",0,"Future Bounce; Slap House; Tropical House"
DAN,"Acid House",0,""
DAP,"Latin House",0,"Changa tuki; Eletrofunk; Guaracha EDM; Tribal House; Vinahouse"
DAR,"Bass House",0,"Speed House"
DAT,"Ballroom",0,""
DAU,"Euro House",0,"Hardbag"
DAV,"Ambient House",0,""
DAW,"Phonk House",0,""
DAX,"G-House",0,""
DA8,"Other House",0,""
DA9,"Unspecified House",0,""
DC,"Techno",11,""
DCA,"Detroit Techno",0,"Bleep Techno"
DCC,"Minimal Techno",0,"Dub Techno"
DCD,"Hard Techno",0,"Birmingham Sound; Industrial Techno; Schranz"
DCE,"Peak Time Techno",0,""
DCF,"Acid Techno",0,""
DCH,"Ambient Techno",0,""
DCJ,"Freetekno",0,""
DCK,"Melodic Techno",0,""
DCM,"Wonky Techno",0,""
DC8,"Other Techno",0,""
DC9,"Unspecified Techno",0,""
DD,"Trance",15,""
DDA,"Psytrance",0,"Dark Psytrance; Forest Psytrance; Full-On Psytrance; Goa Trance; Hi-Tech Psytrance; Nitzhonot; Progressive Psytrance; Psycore; Suomisaundi; Zenonesque"
DDC,"Progressive Trance",0,""
DDD,"Tech Trance",0,""
DDE,"Uplifting Trance",0,""
DDF,"Vocal Trance",0,""
DDH,"Dream Trance",0,""
DDJ,"Euro Trance",0,"Buchiage Trance; Hands Up"
DDK,"Hard Trance",0,""
DDM,"Acid Trance",0,""
DDN,"Big Room Trance",0,""
DDP,"Ibiza Trance",0,""
DDR,"NRG",0,""
DDT,"Hi-Tech Full-On",0,""
DD8,"Other Trance",0,""
DD9,"Unspecified Trance",0,""
DE,"Drum and Bass",15,""
DEA,"Atmospheric Drum and Bass",0,""
DEC,"Liquid Drum and Bass",0,"Sambass"
DED,"Deep Drum and Bass",0,"Drumfunk"
DEE,"Halftime",0,""
DEF,"Jazzstep",0,""
DEH,"Minimal Drum and Bass",0,"Autonomic; Microfunk"
DEJ,"Jungle",0,"Footwork Jungle; Ragga Jungle"
DEK,"Jump-Up",0,""
DEM,"Darkstep",0,"Crossbreed; Skullstep"
DEN,"Neurofunk",0,""
DEP,"Techstep",0,""
DER,"Drumstep",0,"Trancestep"
DET,"Hardstep",0,""
DE8,"Other Drum and Bass",0,""
DE9,"Unspecified Drum and Bass",0,""
DF,"Hardcore EDM",17,""
DFA,"Happy Hardcore",0,"Bouncy Techno; Future Core; Powerstomp; UK Hardcore"
DFC,"Freeform Hardcore",0,""
DFD,"Gabber",0,"Nu Style Gabber; Uptempo Hardcore"
DFE,"Frenchcore",0,""
DFF,"Terrorcore",0,""
DFH,"Hardtek",0,"Raggatek"
DFJ,"Breakcore",0,"Lolicore; Mashcore; Raggacore"
DFK,"Digital Hardcore",0,""
DFM,"Industrial Hardcore",0,"Frapcore"
DFN,"Speedcore",0,"Extratone; Splittercore"
DFP,"Doomcore",0,""
DFR,"Darkcore",0,""
DFT,"Breakbeat Hardcore",0,"Darkside; Hardcore Breaks"
DFU,"Acidcore",0,""
DFV,"Amigacore",0,""
DF8,"Other Hardcore EDM",0,""
DF9,"Unspecified Hardcore EDM",0,""
DH,"Hard Dance",5,""
DHA,"Hardstyle",0,"Dubstyle; Early Hardstyle; Euphoric Hardstyle; Nustyle; Psystyle; Rawphoric; Rawstyle"
DHC,"Jumpstyle",0,""
DHD,"Lento violento",0,""
DH8,"Other Hard Dance",0,""
DH9,"Unspecified Hard Dance",0,""
DJ,"Dubstep",8,""
DJA,"Brostep",0,"Briddim; Colour Bass; Deathstep; Minatory; Tearout; Tearout Brostep"
DJC,"Riddim",0,"Future Riddim; Liquid Riddim"
DJD,"Chillstep",0,""
DJE,"Melodic Dubstep",0,""
DJF,"Dungeon Sound",0,""
DJH,"Purple Sound",0,""
DJ8,"Other Dubstep",0,""
DJ9,"Unspecified Dubstep",0,""
DK,"Breakbeat",9,""
DKA,"Acid Breaks",0,""
DKC,"Big Beat",0,""
DKD,"Nu Skool Breaks",0,""
DKE,"Progressive Breaks",0,"Psybreaks"
DKF,"Funky Breaks",0,"West Coast Breaks"
DKH,"Florida Breaks",0,""
DKJ,"Breakbeat Kota",0,"Jungle Dutch"
DK8,"Other Breakbeat",0,""
DK9,"Unspecified Breakbeat",0,""
DM,"UK Bass and UK Garage",6,"UK Garage"
DMA,"2-Step",0,""
DMC,"Speed Garage",0,""
DMD,"Bassline",0,""
DME,"Breakstep",0,"Future Garage"
DM8,"Other UK Bass and UK Garage",0,""
DM9,"Unspecified UK Bass and UK Garage",0,""
DN,"EBM and Electro",6,""
DNA,"Dark Electro",0,"Aggrotech"
DNC,"New Beat",0,"Hard Beat"
DND,"Futurepop",0,""
DNE,"Electro",0,""
DN8,"Other EBM and Electro",0,""
DN9,"Unspecified EBM and Electro",0,""
DP,"Trap and Future Bass and Melodic Bass",5,""
DPA,"Trap EDM",0,"Festival Trap; Hard Trap; Heaven Trap; Hybrid Trap; Twerk"
DPC,"Future Bass",0,"Kawaii Future Bass"
DPD,"Melodic Bass",0,""
DP8,"Other Trap and Future Bass and Melodic Bass",0,""
DP9,"Unspecified Trap and Future Bass and Melodic Bass",0,""
DR,"Footwork and Juke",2,""
DR8,"Other Footwork and Juke",0,""
DR9,"Unspecified Footwork and Juke",0,""
DT,"Funk mandelao and Brazilian Funk",5,""
DTA,"Funk 150 bpm",0,"Funk carioca; Funk consciente; Funk de BH; Funk proibidao; Tamborzao"
DTC,"Funk mandelao",0,"Beat bruxaria; Brazilian Phonk; Funk automotivo; Mega funk; Noiadance; Rasteirinha; Ritmada; Tecnofunk"
DTD,"Brega funk",0,"Batidao romantico; Beat bolha; Beat fino; Funk melody; Funk ostentacao; Trapfunk"
DT8,"Other Funk mandelao and Brazilian Funk",0,""
DT9,"Unspecified Funk mandelao and Brazilian Funk",0,""
DU,"Moombahton and Latin Club",2,""
DU8,"Other Moombahton and Latin Club",0,""
DU9,"Unspecified Moombahton and Latin Club",0,""
DV,"Deconstructed and Avant-Club",2,""
DV8,"Other Deconstructed and Avant-Club",0,""
DV9,"Unspecified Deconstructed and Avant-Club",0,""
DW,"World and Regional EDM",2,""
DW8,"Other World and Regional EDM",0,""
DW9,"Unspecified World and Regional EDM",0,""
D8,"Other Electronic Dance Music",1,""
D89,"Misc Electronic Dance Music",0,"Aquacrunk; Artcore; Batida; Boogie; Broken Beat; Bubblegum Bass; Bubblegum Dance; Budots; Cruise; Disco; Doskpop; East Coast Club; Electro Swing; Electro-Disco; Electroclash; Euro-Disco; Eurobeat; Eurodance; Funkot; Future Rave; Ghetto Funk; Ghettotech; Glitch Hop EDM; Gqom; Grime; Hard Drum; Hardwave; Hi-NRG; Hyper Techno; Hypertechno; Italo Dance; Italo-Disco; J-Euro; Jersey Club; Jungle Terror; Krushclub; Kuduro; Latin Disco; Makina; Manyao; Midtempo Bass; Moombahcore; Mutant Disco; Neo-Grime; Neurohop; Nu-Disco; Ori deck; Philly Club; Post-Dubstep; Red Disco; Shangaan Electro; Skweee; Slimepunk; Space Disco; Spacesynth; UK Funky; Weightless; Wonky"
D9,"Unspecified Electronic Dance Music",1,""
D99,"Undecided Electronic Dance Music",0,""
E,"Electronic",89,""
EA,"Chillout and Downtempo",8,""
EAA,"Binaural Beats",0,""
EAC,"Downtempo",0,"Trip Hop"
EAD,"Ambient Trance",0,""
EAE,"Ambient Dub",0,""
EAF,"Balearic Beat",0,""
EAH,"Psybient",0,""
EA8,"Other Chillout and Downtempo",0,""
EA9,"Unspecified Chillout and Downtempo",0,""
EC,"Synth and Pop Electronic",6,""
ECA,"Electropop",0,""
ECC,"Hyperpop",0,""
ECD,"Indietronica",0,"Chillwave; Glitch Pop; Picopop"
ECE,"Nightcore",0,""
EC8,"Other Synth and Pop Electronic",0,""
EC9,"Unspecified Synth and Pop Electronic",0,""
ED,"IDM and Glitch and Experimental",10,"Drill and Bass"
EDA,"Algorave",0,""
EDC,"Flashcore",0,""
EDD,"Glitch",0,""
EDE,"Glitch Hop",0,""
EDF,"Graphical Sound",0,""
EDH,"HexD",0,""
EDJ,"Illbient",0,""
EDK,"Micromontage",0,""
ED8,"Other IDM and Glitch and Experimental",0,""
ED9,"Unspecified IDM and Glitch and Experimental",0,""
EE,"Bit Music and Chiptune",7,""
EEA,"Bitpop",0,""
EEC,"Chiptune",0,""
EED,"FM Synthesis",0,""
EEE,"MIDI Music",0,"Black MIDI"
EEF,"Sequencer and Tracker",0,"16-bit; Demostyle; Tracker Music"
EE8,"Other Bit Music and Chiptune",0,""
EE9,"Unspecified Bit Music and Chiptune",0,""
EF,"Vapor and Vaporwave",9,""
EFA,"Vaporwave",0,"Broken Transmission; Eccojams; Mallsoft; Slushwave"
EFC,"Barber Beats",0,""
EFD,"Dreampunk",0,""
EFE,"Hardvapour",0,""
EFF,"Utopian Virtual",0,""
EFH,"Vapornoise",0,""
EFJ,"Vaportrap",0,""
EF8,"Other Vapor and Vaporwave",0,""
EF9,"Unspecified Vapor and Vaporwave",0,""
EH,"Industrial Electronic",2,""
EH8,"Other Industrial Electronic",0,""
EH9,"Unspecified Industrial Electronic",0,""
EJ,"Progressive and Space Electronic",5,"Berlin School"
EJA,"Digital Fusion",0,""
EJC,"Livetronica",0,""
EJD,"Moogsploitation",0,""
EJ8,"Other Progressive and Space Electronic",0,""
EJ9,"Unspecified Progressive and Space Electronic",0,""
EK,"Wave and Dark Synth",7,""
EKA,"Dungeon Synth",0,"Comfy Synth; Winter Synth"
EKC,"Horror Synth",0,""
EKD,"Minimal Wave",0,"Minimal Synth"
EKE,"Synthwave",0,"Chillsynth; Darksynth"
EKF,"Witch House",0,""
EK8,"Other Wave and Dark Synth",0,""
EK9,"Unspecified Wave and Dark Synth",0,""
EM,"Folk and Fusion Electronic",5,""
EMA,"Celtic Electronica",0,""
EMC,"Folktronica",0,""
EMD,"Funktronica",0,""
EM8,"Other Folk and Fusion Electronic",0,""
EM9,"Unspecified Folk and Fusion Electronic",0,""
EN,"Latin Electronic",6,""
ENA,"Electro latino",0,""
ENC,"Electrotango",0,""
END,"Nortec",0,""
ENE,"Tribal Guarachero",0,""
EN8,"Other Latin Electronic",0,""
EN9,"Unspecified Latin Electronic",0,""
EP,"Drift Phonk",2,""
EP8,"Other Drift Phonk",0,""
EP9,"Unspecified Drift Phonk",0,""
ER,"Tecnobrega",2,""
ER8,"Other Tecnobrega",0,""
ER9,"Unspecified Tecnobrega",0,""
ETA,"Electro Hop",0,""
ETC,"Nu Jazz",0,""
ET8,"Other Electro Hop",0,""
ET9,"Unspecified Electro Hop",0,""
E8,"Other Electronic",1,""
E89,"Misc Electronic",0,""
E9,"Unspecified Electronic",1,""
E99,"Undecided Electronic",0,""
F,"Folk",79,""
FA,"Contemporary Folk",5,""
FAA,"Indie and Folk Pop",0,"Chamber Folk; Folk Pop; Indie Folk; Skiffle; Stomp and Holler"
FAC,"Progressive and Psychedelic Folk",0,"Avant-Folk; Folk Baroque; Freak Folk; Free Folk; Progressive Folk; Psychedelic Folk; Udigrudi; Wyrd Folk"
FAD,"Dark and Neofolk",0,"Dark Folk; Neofolk"
FA8,"Other Contemporary Folk",0,""
FA9,"Unspecified Contemporary Folk",0,""
FC,"African Folk Music",2,"Moutya"
FC8,"Other African Folk Music",0,""
FC9,"Unspecified African Folk Music",0,""
FD,"American Folk Music",4,""
FDA,"Sacred and Gospel Folk Music",0,"Sacred Harp Singing; Spirituals; Traditional Black Gospel"
FDC,"Regional American Folk Music",0,"Old-Time; Pennsylvania Dutch Folk Music; Talking Blues"
FD8,"Other American Folk Music",0,""
FD9,"Unspecified American Folk Music",0,""
FE,"Hispanic and Latin American Folk Music",5,""
FEA,"Mexican Folk Music",0,"Pirekua; Son calentano; Son huasteco; Son istmeno; Son jarocho; Trova yucateca"
FEC,"Andean Folk Music",0,"Canto a lo poeta; Carranga; Cueca; Muliza; Saya; Taquirari; Zamacueca"
FED,"Rioplatense and Venezuelan Folk",0,"Chacarera; Chamarrita rioplatense; Joropo; Milonga; Zamba"
FE8,"Other Hispanic and Latin American Folk Music",0,""
FE9,"Unspecified Hispanic and Latin American Folk Music",0,""
FF,"Caribbean Folk Music",4,""
FFA,"Puerto Rican Folk Music",0,"Jibaro; Plena"
FFC,"Benna",0,"Fungi; Kaiso; Kitchen Dance Music; Ripsaw; Tumba; Virgin Islander Cariso"
FF8,"Other Caribbean Folk Music",0,""
FF9,"Unspecified Caribbean Folk Music",0,""
FH,"Celtic Folk Music",4,""
FHA,"Gaelic Folk Music",0,"Cape Breton Fiddling; Irish Folk Music; Manx Folk Music; Orain Ghaidhlig; Orain luaidh; Pipe Band; Scots Song; Scottish Country Dance Music; Scottish Folk Music; Sean-nos; Shetland and Orkney Folk Music"
FHC,"Brythonic and Continental Celtic",0,"Bagad; Cornish Folk Music; Welsh Folk Music"
FH8,"Other Celtic Folk Music",0,""
FH9,"Unspecified Celtic Folk Music",0,""
FJ,"Nordic Folk Music",4,""
FJA,"Scandinavian Folk Music",0,"Faroese Folk Music; Hambo; Icelandic Folk Music; Nordic Old Time Dance Music; Norwegian Folk Music; Polska; Swedish Folk Music"
FJC,"Finno-Ugric and Sami Folk",0,"Joik"
FJ8,"Other Nordic Folk Music",0,""
FJ9,"Unspecified Nordic Folk Music",0,""
FK,"Balkan Folk Music",5,""
FKA,"South Slavic Balkan Folk Music",0,"Bulgarian Folk Music; Calgija; Croatian Folk Music; Csango Folk Music; Ganga; Izvorna bosanska muzika; Klapa; Macedonian Folk Music; Montenegrin Folk Music; Serbian Folk Music; Sevdalinka; Starogradska muzika"
FKC,"Greek Folk Music",0,"Aegean Islands Folk Music; Cretan Folk Music; Dimotika; Ionian Islands Folk Music; Rembetika; Rizitika"
FKD,"Albanian Folk Music",0,"Aromanian Folk Music; Balkan Brass Band; Gagauz Folk Music; Musika popullore"
FK8,"Other Balkan Folk Music",0,""
FK9,"Unspecified Balkan Folk Music",0,""
FM,"Slavic Folk Music",4,""
FMA,"East Slavic Folk Music",0,"Duma; Hutsul Folk Music; Russian Folk Music; Ukrainian Folk Music"
FMC,"West Slavic Folk Music",0,"Folklor miejski; Goral Music; Kashubian Folk Music; Krakowiak; Kujawiak; Kujon; Kurpian Folk Music; Moravian Folk Music; Oberek; Polish Folk Music; Polish Goral Music; Slovak Folk Music; Slovenian Folk Music; Warsaw City Folk"
FM8,"Other Slavic Folk Music",0,""
FM9,"Unspecified Slavic Folk Music",0,""
FN,"European Folk Music",5,""
FNA,"Northern and Western European Folk Music",0,"Alsatian Folk Music; Auvergnat Folk Music; Bardcore; Breton Folk Music; Canto degli Alpini; Corsican Folk Music; Dutch Folk Music; English Folk Music; Flemish Folk Music; French Folk Music; Gascon Folk Music; German Folk Music; Gstanzl; Kan ha diskan; Landler; Luxembourgish Folk Music; Musette; Narodno zabavna glasba; Naturjodel; Neo-Medieval Folk; Neo-Pagan Folk; Northumbrian Folk Music; Occitan Folk Music; Scrumpy and Western; Swing musette; Walloon Folk Music; White Voice"
FNC,"Southern European Folk Music",0,"Andalusian Folk Music; Aragonese Folk Music; Asturian Folk Music; Canarian Folk Music; Cante alentejano; Cantu a chiterra; Cantu a tenore; Canzone napoletana; Catalan Folk Music; Chamarrita acoriana; Chotis madrileno; Copla; Cuple; Desgarrada; Fado; Fado de Coimbra; Galician Folk Music; Istrian Folk Music; Italian Folk Music; Liscio; Pasodoble; Pizzica; Portuguese Folk Music; Saeta; Sardana; Sardinian Folk Music; Sevillanas; Spanish Folk Music; Stornello; Tammurriata; Tarantella; Trallalero; Tras-os-Montes Folk Music; Trikitixa; Valencian Folk Music; Vira"
FND,"Baltic and Eastern European Folk Music",0,"Balto-Finnic Folk Music; Bocet; Chicago Polka; Chuvash Folk Music; Colinde; Csardas; Doina; Eastern-Style Polka; Estonian Folk Music; Hungarian Folk Music; Karelian Folk Music; Komi Folk Music; Latvian Folk Music; Lithuanian Folk Music; Livonian Folk Music; Magyar nota; Mari Folk Music; Mordvin Folk Music; Muzica lautareasca; Pasztordal; Polka; Romanian Folk Music; Rune Singing; Seto leelo; Sutartines; Udmurt Folk Music; Volga Tatar Folk Music; Volga-Ural Folk Music"
FN8,"Other European Folk Music",0,""
FN9,"Unspecified European Folk Music",0,""
FP,"East Asian Folk Music",4,""
FPA,"Japanese Folk Music",0,"Kagura; Kouta; Minyo; Ondo; Rokyoku; Taiko; Tsugaru shamisen"
FPC,"Korean Folk Music",0,"Muak; Pansori; Pungmul; Sanjo; Sinawi"
FP8,"Other East Asian Folk Music",0,""
FP9,"Unspecified East Asian Folk Music",0,""
FR,"South Asian Folk Music",5,""
FRA,"North Indian Folk Music",0,"Bhojpuri Folk Music; Biraha; Burushaski Folk Music; Kirtan; Marathi Folk Music; Newa Folk Music; Pashto Folk Music; Punjabi Folk Music; Rajasthani Folk Music; Shabad kirtan"
FRC,"Bengali and Island Folk Music",0,"Baul gaan; Boduberu; Sarala gee; Sinhalese Folk Music"
FRD,"South Indian Folk Music",0,"Burrakatha; Kannada Folk Music; Malayali Folk Music; Mappila; Odia Folk Music; Tamil Folk Music; Telugu Folk Music; Urumi melam"
FR8,"Other South Asian Folk Music",0,""
FR9,"Unspecified South Asian Folk Music",0,""
FT,"Southeast Asian Folk Music",2,"Hmong Folk Music; Lao Folk Music; Thai Folk Music"
FT8,"Other Southeast Asian Folk Music",0,""
FT9,"Unspecified Southeast Asian Folk Music",0,""
FU,"West Asian and Caucasian Folk Music",2,"Alevi Folk Music; Assyrian Folk Music; Israeli Folk Music; Luri Folk Music"
FU8,"Other West Asian and Caucasian Folk Music",0,""
FU9,"Unspecified West Asian and Caucasian Folk Music",0,""
FV,"Indigenous Traditional Music",2,"Mapuche Folk Music"
FV8,"Other Indigenous Traditional Music",0,""
FV9,"Unspecified Indigenous Traditional Music",0,""
FW,"Work Songs and Other",2,"Field Hollers; Military Cadence; Sea Shanty"
FW8,"Other Work Songs and Other",0,""
FW9,"Unspecified Work Songs and Other",0,""
F8,"Other Folk",1,""
F89,"Misc Folk",0,"Australian Folk Music; Canadian Folk Music; Canadian Maritime Folk; Drinking Song; Football Chant; French-Canadian Folk Music; Industrial Folk Song; Newfoundland Folk Music; Payada; Romani Folk Music; Traditional Folk Music; Yodeling"
F9,"Unspecified Folk",1,""
F99,"Undecided Folk",0,""
H,"Hip Hop",48,""
HA,"Boom Bap and East Coast",3,""
HAA,"Abstract Hip Hop",0,"Chipmunk Soul; Conscious Hip Hop; Jazz Rap; Political Hip Hop"
HA8,"Other Boom Bap and East Coast",0,""
HA9,"Unspecified Boom Bap and East Coast",0,""
HC,"Trap and Drill",5,""
HCA,"Drill",0,"Bop; Chicago Drill; Free Car Music; Jersey Drill; New York Drill; Philly Drill; Sample Drill; Sexy Drill; UK Drill"
HCC,"Plugg",0,"Ambient Plugg; Asian Rock; Dark Plugg; PluggnB; Rage; Regalia; Terror Plugg; Tread"
HCD,"Trap Variants",0,"New Jazz; No Melody; Rare Phonk; Trap Metal; Trap latino"
HC8,"Other Trap and Drill",0,""
HC9,"Unspecified Trap and Drill",0,""
HD,"Hardcore Hip Hop and Gangsta",5,""
HDA,"Gangsta Rap",0,"Coke Rap; Mafioso Rap; Mobb Music; Road Rap; Scam Rap"
HDC,"Memphis Rap",0,"Dungeon Rap; Phonk"
HDD,"Hardcore Variants",0,"Chopper; Horrorcore; Mid-School Hip Hop"
HD8,"Other Hardcore Hip Hop and Gangsta",0,""
HD9,"Unspecified Hardcore Hip Hop and Gangsta",0,""
HE,"Southern Hip Hop",5,""
HEA,"West Coast Hip Hop",0,"Hyphy; Jerk; Jerk Rap"
HEC,"Bass and Bounce",0,"Atlanta Bass; Car Audio Bass; Jigg; Jook; Miami Bass; Sissy Bounce; Techno Bass"
HED,"Southern Rap",0,"Crunk; Detroit Sound; Dirty South; Flint Sound; Houston Sound; Nervous Music; Ratchet; Snap; South Florida SoundCloud Rap; Stoner Rap"
HE8,"Other Southern Hip Hop",0,""
HE9,"Unspecified Southern Hip Hop",0,""
HF,"Alternative and Experimental",3,""
HFA,"Cloud Rap",0,"Chap Hop; Crunkcore; Digicore; Drumless; Emo Rap; Nerdcore Hip Hop; Sigilkore"
HF8,"Other Alternative and Experimental",0,""
HF9,"Unspecified Alternative and Experimental",0,""
HH,"Pop Rap and Commercial",3,"Frat Rap"
HHA,"Christian Hip Hop",0,"Comedy Rap; Country Rap; Disco Rap"
HH8,"Other Pop Rap and Commercial",0,""
HH9,"Unspecified Pop Rap and Commercial",0,""
HJ,"Instrumental and Lo-Fi",3,""
HJA,"Lo-Fi Hip Hop",0,"Lowend; Turntablism"
HJ8,"Other Instrumental and Lo-Fi",0,""
HJ9,"Unspecified Instrumental and Lo-Fi",0,""
HK,"Jersey and Club Rap",3,""
HKA,"Philly Club Rap",0,""
HK8,"Other Jersey and Club Rap",0,""
HK9,"Unspecified Jersey and Club Rap",0,""
HM,"African Hip Hop",2,"Afro Trap; Bongo Flava; Genge; Gengetone; Hipco; Hiplife; Motswako"
HM8,"Other African Hip Hop",0,""
HM9,"Unspecified African Hip Hop",0,""
HN,"Latin and Other Regional",2,"Chicano Rap; Latin Rap"
HN8,"Other Latin and Other Regional",0,""
HN9,"Unspecified Latin and Other Regional",0,""
H8,"Other Hip Hop",1,""
H89,"Misc Hip Hop",0,""
H9,"Unspecified Hip Hop",1,""
H99,"Undecided Hip Hop",0,""
J,"Jazz and Blues",73,""
JA,"Blues",11,""
JAA,"Acoustic and Country Blues",0,"Acoustic Chicago Blues; Jug Band; Piedmont Blues"
JAC,"Jump and Urban Blues",0,""
JAD,"Country Blues",0,"Acoustic Texas Blues; Bentonia School; Delta Blues; Hill Country Blues"
JAE,"Electric Blues",0,"British Blues; Chicago Blues; Electric Texas Blues; Swamp Blues"
JAF,"Fife and Drum Blues",0,""
JAH,"Jump Blues",0,""
JAJ,"Piano Blues",0,""
JAK,"Soul Blues",0,""
JAM,"Vaudeville Blues",0,""
JA8,"Other Blues",0,""
JA9,"Unspecified Blues",0,""
JC,"Traditional Jazz",9,""
JCA,"Big Band",0,"Experimental Big Band; Progressive Big Band"
JCC,"Dixieland",0,""
JCD,"Stride",0,""
JCE,"Swing",0,"Swing Revival"
JCF,"British Dance Band",0,""
JCH,"Jazz manouche",0,""
JCJ,"Sweet Jazz",0,""
JC8,"Other Traditional Jazz",0,""
JC9,"Unspecified Traditional Jazz",0,""
JD,"Bebop",7,""
JDA,"Hard Bop",0,""
JDC,"Cool Jazz",0,""
JDD,"Post-Bop",0,""
JDE,"Soul Jazz",0,""
JDF,"West Coast Jazz",0,""
JD8,"Other Bebop",0,""
JD9,"Unspecified Bebop",0,""
JE,"Avant-Garde Jazz",9,""
JEA,"Free Jazz",0,"European Free Jazz"
JEC,"Chamber Jazz",0,""
JED,"Dark Jazz",0,""
JEE,"ECM Style Jazz",0,""
JEF,"Modal Jazz",0,"Jazz Mugham"
JEH,"Spiritual Jazz",0,""
JEJ,"Third Stream",0,""
JE8,"Other Avant-Garde Jazz",0,""
JE9,"Unspecified Avant-Garde Jazz",0,""
JF,"Jazz Fusion",4,""
JFA,"Jazz-Funk",0,""
JFC,"Smooth Jazz",0,""
JF8,"Other Jazz Fusion",0,""
JF9,"Unspecified Jazz Fusion",0,""
JH,"Vocal Jazz",4,""
JHA,"Vocalese",0,""
JHC,"Jazz Poetry",0,""
JH8,"Other Vocal Jazz",0,""
JH9,"Unspecified Vocal Jazz",0,""
JJ,"Latin Jazz",12,""
JJA,"Afro-Cuban Jazz",0,""
JJC,"Afro-Jazz",0,""
JJD,"Arabic Jazz",0,""
JJE,"Bulawayo Jazz",0,""
JJF,"Cape Jazz",0,""
JJH,"Ethio-Jazz",0,""
JJJ,"Flamenco Jazz",0,""
JJK,"Indo Jazz",0,""
JJM,"Kreyol djaz",0,""
JJN,"Marabi",0,"Kwela; Mbaqanga"
JJ8,"Other Latin Jazz",0,""
JJ9,"Unspecified Latin Jazz",0,""
JK,"Novelty and Stylized Jazz",5,""
JKA,"Cartoon Music",0,""
JKC,"Crime Jazz",0,""
JKD,"Spy Music",0,""
JK8,"Other Novelty and Stylized Jazz",0,""
JK9,"Unspecified Novelty and Stylized Jazz",0,""
J8,"Other Jazz and Blues",1,""
J89,"Misc Jazz and Blues",0,""
J9,"Unspecified Jazz and Blues",1,""
J99,"Undecided Jazz and Blues",0,""
K,"RnB and Soul",50,""
KA,"Rhythm and Blues",7,""
KAA,"Beach Music",0,""
KAC,"Doo-Wop",0,""
KAD,"New Orleans RnB",0,""
KAE,"British Rhythm and Blues",0,""
KAF,"West Side Sound",0,""
KA8,"Other Rhythm and Blues",0,""
KA9,"Unspecified Rhythm and Blues",0,""
KC,"Soul",15,""
KCA,"Acid Jazz",0,""
KCC,"Blue-Eyed Soul",0,""
KCD,"Chicago Soul",0,""
KCE,"Crossover Soul",0,""
KCF,"Deep Soul",0,""
KCH,"Latin Soul",0,""
KCJ,"Neo-Soul",0,""
KCK,"Philly Soul",0,""
KCM,"Pop Soul",0,"Motown Sound"
KCN,"Progressive Soul",0,""
KCP,"Psychedelic Soul",0,""
KCR,"Smooth Soul",0,""
KCT,"Southern Soul",0,""
KC8,"Other Soul",0,""
KC9,"Unspecified Soul",0,""
KD,"Contemporary RnB",7,""
KDA,"Alternative RnB",0,""
KDC,"Hip Hop Soul and New Jack",0,""
KDD,"New Jack Swing",0,""
KDE,"Trap Soul",0,""
KDF,"UK Street Soul",0,""
KD8,"Other Contemporary RnB",0,""
KD9,"Unspecified Contemporary RnB",0,""
KE,"Funk",10,""
KEA,"Classic Funk",0,""
KEC,"Britfunk",0,""
KED,"Deep Funk",0,""
KEE,"Go-Go",0,"Bounce Beat"
KEF,"Latin Funk",0,""
KEH,"P-Funk",0,""
KEJ,"Porn Groove",0,""
KEK,"Synth Funk",0,"Minneapolis Sound"
KE8,"Other Funk",0,""
KE9,"Unspecified Funk",0,""
KF,"Gospel",2,""
KF8,"Other Gospel",0,""
KF9,"Unspecified Gospel",0,""
K8,"Other RnB and Soul",1,""
K89,"Misc RnB and Soul",0,""
K9,"Unspecified RnB and Soul",1,""
K99,"Undecided RnB and Soul",0,""
M,"Metal",77,""
MA,"Heavy Metal",7,""
MAA,"Neoclassical Metal",0,""
MAC,"Power Metal",0,""
MAD,"Speed Metal",0,""
MAE,"Symphonic Metal",0,""
MAF,"US Power Metal",0,""
MA8,"Other Heavy Metal",0,""
MA9,"Unspecified Heavy Metal",0,""
MC,"Thrash Metal",4,""
MCA,"Crossover Thrash",0,""
MCC,"Technical Thrash Metal",0,""
MC8,"Other Thrash Metal",0,""
MC9,"Unspecified Thrash Metal",0,""
MD,"Death Metal",7,""
MDA,"Brutal Death Metal",0,"Slam Death Metal"
MDC,"Death n Roll",0,""
MDD,"Deathgrind",0,""
MDE,"Melodic Death Metal",0,""
MDF,"Technical Death Metal",0,"Dissonant Death Metal"
MD8,"Other Death Metal",0,""
MD9,"Unspecified Death Metal",0,""
ME,"Black Metal",12,""
MEA,"Atmospheric Black Metal",0,""
MEC,"Black n Roll",0,""
MED,"Black Noise",0,""
MEE,"Dissonant Black Metal",0,""
MEF,"DSBM",0,""
MEH,"Folk and Regional Black Metal",0,""
MEJ,"Melodic Black Metal",0,""
MEK,"Pagan Black Metal",0,""
MEM,"Symphonic Black Metal",0,""
MEN,"War Metal",0,""
ME8,"Other Black Metal",0,""
ME9,"Unspecified Black Metal",0,""
MF,"Doom Metal",10,""
MFA,"Death Doom Metal",0,""
MFC,"Funeral Doom Metal",0,""
MFD,"Traditional Doom Metal",0,"Epic Doom Metal"
MFE,"Sludge and Drone Metal",0,""
MFF,"Gothic Metal",0,""
MFH,"Sludge Metal",0,"Atmospheric Sludge Metal"
MFJ,"Southern Metal",0,""
MFK,"Stoner Metal",0,""
MF8,"Other Doom Metal",0,""
MF9,"Unspecified Doom Metal",0,""
MH,"Alternative Metal",8,""
MHA,"Funk Metal",0,""
MHC,"Industrial Metal",0,"Cyber Metal; Neue Deutsche Harte"
MHD,"Kawaii Metal",0,""
MHE,"Nu Metal",0,""
MHF,"Rap Metal",0,""
MHH,"Trance Metal",0,""
MH8,"Other Alternative Metal",0,""
MH9,"Unspecified Alternative Metal",0,""
MJ,"Metalcore",7,""
MJA,"Extreme Metalcore",0,"Downtempo Deathcore"
MJC,"Mathcore",0,""
MJD,"Melodic Metalcore",0,""
MJE,"Djent",0,"Thall"
MJF,"Progressive Metal",0,""
MJ8,"Other Metalcore",0,""
MJ9,"Unspecified Metalcore",0,""
MK,"Post-Metal",4,""
MKA,"Blackgaze",0,""
MKC,"Doomgaze",0,""
MK8,"Other Post-Metal",0,""
MK9,"Unspecified Post-Metal",0,""
MM,"Folk Metal",5,""
MMA,"Viking Metal",0,""
MMC,"Celtic Metal",0,""
MMD,"Mittelalter-Metal",0,""
MM8,"Other Folk Metal",0,""
MM9,"Unspecified Folk Metal",0,""
M8,"Other Metal",1,""
M89,"Misc Metal",0,"Avant-Garde Metal; Groove Metal"
M9,"Unspecified Metal",1,""
M99,"Undecided Metal",0,""
N,"Experimental and Industrial",53,""
NA,"Industrial",2,""
NA8,"Other Industrial",0,""
NA9,"Unspecified Industrial",0,""
NC,"Post-Industrial",6,""
NCA,"Industrial Hip Hop",0,""
NCC,"Industrial Rock",0,""
NCD,"Martial Industrial",0,""
NCE,"Power Noise",0,""
NC8,"Other Post-Industrial",0,""
NC9,"Unspecified Post-Industrial",0,""
ND,"Noise",6,""
NDA,"Power Electronics",0,"Death Industrial"
NDC,"Harsh Noise",0,"Harsh Noise Wall"
NDD,"Ambient Noise Wall",0,""
NDE,"Gorenoise",0,""
ND8,"Other Noise",0,""
ND9,"Unspecified Noise",0,""
NE,"Electroacoustic",5,""
NEA,"EAI",0,""
NEC,"Acousmatic Music",0,""
NED,"Musique concrete",0,""
NE8,"Other Electroacoustic",0,""
NE9,"Unspecified Electroacoustic",0,""
NF,"Free Improvisation",2,""
NF8,"Other Free Improvisation",0,""
NF9,"Unspecified Free Improvisation",0,""
NH,"Reductionism",4,""
NHA,"Lowercase",0,""
NHC,"Onkyo",0,""
NH8,"Other Reductionism",0,""
NH9,"Unspecified Reductionism",0,""
NJ,"Sound Collage",3,""
NJA,"Epic Collage",0,""
NJ8,"Other Sound Collage",0,""
NJ9,"Unspecified Sound Collage",0,""
NKA,"Data Sonification",0,""
NKC,"Sound Art",0,""
NKD,"Sound Poetry",0,""
NK8,"Other Data Sonification",0,""
NK9,"Unspecified Data Sonification",0,""
NMA,"Plunderphonics",0,""
NMC,"Tape Music",0,""
NMD,"Turntable Music",0,""
NM8,"Other Plunderphonics",0,""
NM9,"Unspecified Plunderphonics",0,""
NNA,"Conducted Improvisation",0,""
NNC,"Modern Creative",0,""
NN8,"Other Conducted Improvisation",0,""
NN9,"Unspecified Conducted Improvisation",0,""
N8,"Other Experimental and Industrial",1,""
N89,"Misc Experimental and Industrial",0,""
N9,"Unspecified Experimental and Industrial",1,""
N99,"Undecided Experimental and Industrial",0,""
P,"Pop",83,""
PA,"Traditional Pop",2,"Standards; Tin Pan Alley"
PA8,"Other Traditional Pop",0,""
PA9,"Unspecified Traditional Pop",0,""
PC,"Pop Rock",5,"Piano Rock; Power Pop; Soft Rock; Stereo; Tropical Rock; Yacht Rock"
PCA,"Beat",0,"Nederbeat"
PCC,"Beat Rock",0,""
PCD,"Big Music",0,""
PC8,"Other Pop Rock",0,""
PC9,"Unspecified Pop Rock",0,""
PD,"Dance-Pop",2,"Disco polo; Freestyle; Latin Freestyle; Tecnorumba; Township Bubblegum"
PD8,"Other Dance-Pop",0,""
PD9,"Unspecified Dance-Pop",0,""
PE,"J-Pop",2,"Akishibu-kei; Denpa; Wa Euro; Yakousei"
PE8,"Other J-Pop",0,""
PE9,"Unspecified J-Pop",0,""
PF,"South and Southeast Asian Pop",2,""
PF8,"Other South and Southeast Asian Pop",0,""
PF9,"Unspecified South and Southeast Asian Pop",0,""
PH,"Latin Pop",2,"Tropipop"
PH8,"Other Latin Pop",0,""
PH9,"Unspecified Latin Pop",0,""
PJ,"Middle Eastern and Eastern European Pop",2,""
PJ8,"Other Middle Eastern and Eastern European Pop",0,""
PJ9,"Unspecified Middle Eastern and Eastern European Pop",0,""
PK,"Afrobeats",2,""
PK8,"Other Afrobeats",0,""
PK9,"Unspecified Afrobeats",0,""
PM,"Europop",2,""
PM8,"Other Europop",0,""
PM9,"Unspecified Europop",0,""
PN,"Indie Pop",2,"Bedroom Pop; C86; Chamber Pop; Cuddlecore; Twee Pop"
PN8,"Other Indie Pop",0,""
PN9,"Unspecified Indie Pop",0,""
PP,"Boy Band",7,""
PPA,"Bubblegum",0,""
PPC,"Girl Group",0,""
PPD,"K-Pop",0,""
PPE,"P-Pop",0,""
PPF,"Teen Pop",0,""
PP8,"Other Boy Band",0,""
PP9,"Unspecified Boy Band",0,""
PR,"Baroque Pop",8,""
PRA,"Brill Building",0,""
PRC,"Classical Crossover",0,""
PRD,"Irish Showband",0,""
PRE,"Jazz Pop",0,""
PRF,"Sunshine Pop",0,""
PRH,"Toytown Pop",0,""
PR8,"Other Baroque Pop",0,""
PR9,"Unspecified Baroque Pop",0,""
PT,"Alt-Pop",6,""
PTA,"Art Pop",0,""
PTC,"New Music",0,""
PTD,"Progressive Pop",0,""
PTE,"Sophisti-Pop",0,""
PT8,"Other Alt-Pop",0,""
PT9,"Unspecified Alt-Pop",0,""
PU,"Schlager",2,"Humppa; Levenslied; Volkstumliche Musik"
PU8,"Other Schlager",0,""
PU9,"Unspecified Schlager",0,""
PV,"Cancion melodica",8,"Bolero-Beat; Musica cebolla"
PVA,"French Pop",0,""
PVC,"Italo Pop",0,"Canzone neomelodica"
PVD,"Mulatos",0,""
PVE,"Nederpop",0,"Palingsound"
PVF,"Soviet Estrada",0,""
PVH,"Ye-ye",0,""
PV8,"Other Cancion melodica",0,""
PV9,"Unspecified Cancion melodica",0,""
PW,"City Pop",2,"Neo-City Pop"
PW8,"Other City Pop",0,""
PW9,"Unspecified City Pop",0,""
PX,"Kayokyoku",6,""
PXA,"Korean Ballad",0,"Oriental Ballad"
PXC,"Idol kayo",0,""
PXD,"Mood kayo",0,""
PXE,"Techno kayo",0,""
PX8,"Other Kayokyoku",0,""
PX9,"Unspecified Kayokyoku",0,""
P8,"Other Pop",1,""
P89,"Misc Pop",0,"Adult Contemporary"
P9,"Unspecified Pop",1,""
P99,"Undecided Pop",0,""
R,"Rock and Psychedelia",74,""
RA,"Rock and Roll",2,"Indorock; Psychobilly; Rockabilly; Twist"
RA8,"Other Rock and Roll",0,""
RA9,"Unspecified Rock and Roll",0,""
RC,"Hard Rock",2,"Glam Metal; Occult Rock; Sleaze Rock; Stoner Rock"
RC8,"Other Hard Rock",0,""
RC9,"Unspecified Hard Rock",0,""
RD,"Alternative Rock",6,"Alternative Dance; Britpop; Geek Rock; Jangle Pop; Neo-Acoustic; New Rave; Post-Britpop; Post-Grunge; Shoegaze"
RDA,"Grunge",0,""
RDC,"Baggy",0,""
RDD,"Dream Pop",0,""
RDE,"Indie Rock",0,"Dunedin Sound; Indie Surf; Noise Pop; Slacker Rock; Slowcore"
RD8,"Other Alternative Rock",0,""
RD9,"Unspecified Alternative Rock",0,""
RE,"Progressive Rock",4,"Avant-Prog; Brutal Prog; Neo-Prog; Zeuhl"
REA,"Canterbury Scene",0,"Neo-Canterbury"
REC,"Symphonic Prog",0,""
RE8,"Other Progressive Rock",0,""
RE9,"Unspecified Progressive Rock",0,""
RF,"Post-Punk and New Wave",3,""
RFA,"New Wave",0,"Mod Revival"
RF8,"Other Post-Punk and New Wave",0,""
RF9,"Unspecified Post-Punk and New Wave",0,""
RH,"Psychedelia",3,"Hypnagogic Pop; Neo-Psychedelia; Psychedelic Pop; Psychsploitation; Sitarsploitation"
RHA,"Psychedelic Rock",0,"Acid Rock; Freakbeat; Garage Psych; Heavy Psych; Raga Rock; Space Rock; Space Rock Revival; Xian Psych"
RH8,"Other Psychedelia",0,""
RH9,"Unspecified Psychedelia",0,""
RJ,"Garage Rock",3,"Frat Rock; Garage Rock Revival"
RJA,"Surf Music",0,"Eleki; Hot Rod Music; Rautalanka; Surf Punk; Surf Rock; Vocal Surf; Wong shadow"
RJ8,"Other Garage Rock",0,""
RJ9,"Unspecified Garage Rock",0,""
RK,"Folk Rock",3,"Alpenrock; British Folk Rock; Celtic Rock; Mittelalter-Rock; Nordic Folk Rock; Phleng phuea chiwit; Pinoy Folk Rock; Rock rural"
RKA,"Country Rock",0,"Cosmic Country"
RK8,"Other Folk Rock",0,""
RK9,"Unspecified Folk Rock",0,""
RM,"Crossover Rock",4,""
RMA,"Funk Rock",0,""
RMC,"Rap Rock",0,""
RM8,"Other Crossover Rock",0,""
RM9,"Unspecified Crossover Rock",0,""
RN,"Rock Musical",3,""
RNA,"Rock Opera",0,""
RN8,"Other Rock Musical",0,""
RN9,"Unspecified Rock Musical",0,""
RP,"Blues Rock",6,"Boogie Rock"
RPA,"Heartland Rock",0,""
RPC,"Jersey Shore Sound",0,""
RPD,"Pub Rock",0,""
RPE,"Southern Rock",0,""
RP8,"Other Blues Rock",0,""
RP9,"Unspecified Blues Rock",0,""
RR,"Post-Rock and Noise",7,""
RRA,"Post-Rock",0,""
RRC,"Noise Rock",0,"Pigfuck; Shitgaze"
RRD,"Math Rock",0,"Math Pop"
RRE,"Experimental Rock",0,"Krautrock"
RRF,"Art Rock",0,""
RR8,"Other Post-Rock and Noise",0,""
RR9,"Unspecified Post-Rock and Noise",0,""
RT,"Latin Rock",4,""
RTA,"Rock andaluz",0,""
RTC,"Rock andino",0,""
RT8,"Other Latin Rock",0,""
RT9,"Unspecified Latin Rock",0,""
RU,"Deutschrock",2,""
RU8,"Other Deutschrock",0,""
RU9,"Unspecified Deutschrock",0,""
RV,"Afro-Rock",3,""
RVA,"Anatolian Rock",0,""
RV8,"Other Afro-Rock",0,""
RV9,"Unspecified Afro-Rock",0,""
R8,"Other Rock and Psychedelia",1,""
R89,"Misc Rock and Psychedelia",0,"AOR; Acoustic Rock; Christian Rock; Comedy Rock; Glam Punk; Glam Rock; Jam Band; Jazz-Rock; Reggae Rock; Roots Rock; Swamp Rock; Symphonic Rock; Zolo"
R9,"Unspecified Rock and Psychedelia",1,""
R99,"Undecided Rock and Psychedelia",0,""
T,"Country and Singer-Songwriter",48,""
TA,"Alt-Country",2,"Gothic Country"
TA8,"Other Alt-Country",0,""
TA9,"Unspecified Alt-Country",0,""
TC,"Bluegrass",4,""
TCA,"Progressive Bluegrass",0,"Jamgrass"
TCC,"Traditional Bluegrass",0,"Bluegrass Gospel"
TC8,"Other Bluegrass",0,""
TC9,"Unspecified Bluegrass",0,""
TD,"Contemporary Country",2,"Boyfriend Country; Bro-Country; Neo-Traditionalist Country"
TD8,"Other Contemporary Country",0,""
TD9,"Unspecified Contemporary Country",0,""
TE,"Country Pop",2,"Urban Cowboy"
TE8,"Other Country Pop",0,""
TE9,"Unspecified Country Pop",0,""
TF,"Progressive Country",2,"Outlaw Country"
TF8,"Other Progressive Country",0,""
TF9,"Unspecified Progressive Country",0,""
TH,"Traditional Country",4,"Close Harmony; Country Gospel; Country Yodeling"
THA,"Nashville Sound",0,"Countrypolitan"
THC,"Western",0,""
TH8,"Other Traditional Country",0,""
TH9,"Unspecified Traditional Country",0,""
TJ,"Honky Tonk",2,"Bakersfield Sound; Truck Driving Country"
TJ8,"Other Honky Tonk",0,""
TJ9,"Unspecified Honky Tonk",0,""
TK,"Other Country",2,""
TK8,"Other Other Country",0,""
TK9,"Unspecified Other Country",0,""
TM,"Singer-Songwriter",4,"Euskal kantagintza berria; Kleinkunst; Musica de intervencao; Nova canco; Nova cancon; Poezja spiewana"
TMA,"Canzone dautore",0,""
TMC,"Avtorskaya pesnya",0,"Bard Rock"
TM8,"Other Singer-Songwriter",0,""
TM9,"Unspecified Singer-Songwriter",0,""
TN,"Nueva cancion",4,""
TNA,"Nueva cancion espanola",0,""
TNC,"Nueva cancion latinoamericana",0,"Nueva cancion chilena; Nuevo Cancionero"
TN8,"Other Nueva cancion",0,""
TN9,"Unspecified Nueva cancion",0,""
TP,"Liedermacher",2,""
TP8,"Other Liedermacher",0,""
TP9,"Unspecified Liedermacher",0,""
TR,"Chanson a texte",2,""
TR8,"Other Chanson a texte",0,""
TR9,"Unspecified Chanson a texte",0,""
T8,"Other Country and Singer-Songwriter",1,""
T89,"Misc Country and Singer-Songwriter",0,"Country Boogie; Country Folk; Country and Irish; Western Swing"
T9,"Unspecified Country and Singer-Songwriter",1,""
T99,"Undecided Country and Singer-Songwriter",0,""
U,"Reggae and Ska and Dancehall",34,""
UA,"Reggae",4,"Deejay; Seggae; Skinhead Reggae"
UAA,"Lovers Rock",0,""
UAC,"Pacific Reggae",0,""
UA8,"Other Reggae",0,""
UA9,"Unspecified Reggae",0,""
UC,"Roots Reggae",2,"Dub Poetry"
UC8,"Other Roots Reggae",0,""
UC9,"Unspecified Roots Reggae",0,""
UD,"Pop Reggae",2,""
UD8,"Other Pop Reggae",0,""
UD9,"Unspecified Pop Reggae",0,""
UE,"Dub",2,""
UE8,"Other Dub",0,""
UE9,"Unspecified Dub",0,""
UF,"Ska",4,"Spouge"
UFA,"Jamaican Ska",0,""
UFC,"2 Tone",0,""
UF8,"Other Ska",0,""
UF9,"Unspecified Ska",0,""
UH,"Third Wave Ska",3,""
UHA,"Ska Punk",0,"Crack Rock Steady; Skacore"
UH8,"Other Third Wave Ska",0,""
UH9,"Unspecified Third Wave Ska",0,""
UJ,"Dancehall",3,"Bubbling; Flex Dance Music; Gommance; Shatta; Trap Dancehall; Zess"
UJA,"Digital Dancehall",0,""
UJ8,"Other Dancehall",0,""
UJ9,"Unspecified Dancehall",0,""
UK,"Ragga",2,""
UK8,"Other Ragga",0,""
UK9,"Unspecified Ragga",0,""
U8,"Other Reggae and Ska and Dancehall",1,""
U89,"Misc Reggae and Ska and Dancehall",0,""
U9,"Unspecified Reggae and Ska and Dancehall",1,""
U99,"Undecided Reggae and Ska and Dancehall",0,""
V,"Punk",31,""
VA,"Punk Rock",3,"Deutschpunk; Garage Punk; Horror Punk; Konsrock; Oi; Skate Punk; Vikingarock"
VAA,"Pop Punk",0,"Easycore; Seishun Punk"
VA8,"Other Punk Rock",0,""
VA9,"Unspecified Punk Rock",0,""
VC,"Hardcore",4,"Beatdown Hardcore; Electronicore; Nintendocore; Noisecore; Sass"
VCA,"Grindcore",0,"Cybergrind; Goregrind; Mincecore; Noisegrind; Pornogrind"
VCC,"Hardcore Punk",0,"Blackened Crust; Burning Spirits; Crust Punk; D-Beat; Melodic Hardcore; Neocrust; Powerviolence; Stenchcore; Street Punk; Thrashcore"
VC8,"Other Hardcore",0,""
VC9,"Unspecified Hardcore",0,""
VD,"Post-Punk",4,"Coldwave; Post-Punk Revival"
VDA,"Gothic Rock",0,"Deathrock"
VDC,"Dance-Punk",0,"Dance-Punk Revival"
VD8,"Other Post-Punk",0,""
VD9,"Unspecified Post-Punk",0,""
VE,"Post-Hardcore",3,"Emocore; Mall Screamo; Swancore"
VEA,"Screamo",0,"Emoviolence"
VE8,"Other Post-Hardcore",0,""
VE9,"Unspecified Post-Hardcore",0,""
VF,"Art Punk",2,"Egg Punk"
VF8,"Other Art Punk",0,""
VF9,"Unspecified Art Punk",0,""
VH,"Folk Punk",2,"Celtic Punk; Gypsy Punk"
VH8,"Other Folk Punk",0,""
VH9,"Unspecified Folk Punk",0,""
VJ,"Emo",2,"Emo-Pop; Midwest Emo"
VJ8,"Other Emo",0,""
VJ9,"Unspecified Emo",0,""
V8,"Other Punk",1,""
V89,"Misc Punk",0,"Cowpunk; Proto-Punk; Punk Blues; Punk Poetry; Synth Punk"
V9,"Unspecified Punk",1,""
V99,"Undecided Punk",0,""
W,"Miscellaneous",34,""
WA,"Childrens Music",2,""
WA8,"Other Childrens Music",0,""
WA9,"Unspecified Childrens Music",0,""
WC,"Comedy",2,""
WC8,"Other Comedy",0,""
WC9,"Unspecified Comedy",0,""
WD,"Soundtrack",2,""
WD8,"Other Soundtrack",0,""
WD9,"Unspecified Soundtrack",0,""
WE,"Video Game Music",2,""
WE8,"Other Video Game Music",0,""
WE9,"Unspecified Video Game Music",0,""
WF,"Library Music",2,""
WF8,"Other Library Music",0,""
WF9,"Unspecified Library Music",0,""
WH,"DJ Mix",2,""
WH8,"Other DJ Mix",0,""
WH9,"Unspecified DJ Mix",0,""
WJ,"Karaoke",2,""
WJ8,"Other Karaoke",0,""
WJ9,"Unspecified Karaoke",0,""
WK,"Relaxation Music",2,""
WK8,"Other Relaxation Music",0,""
WK9,"Unspecified Relaxation Music",0,""
WM,"Exercise Music",2,""
WM8,"Other Exercise Music",0,""
WM9,"Unspecified Exercise Music",0,""
WN,"Ringtone",2,""
WN8,"Other Ringtone",0,""
WN9,"Unspecified Ringtone",0,""
W8,"Other Miscellaneous",1,""
W89,"Misc Miscellaneous",0,""
W9,"Unspecified Miscellaneous",1,""
W99,"Undecided Miscellaneous",0,""
X,"Regional Music",84,""
XA,"African Music",8,"Batuque; Cape Verdean Music; Coladeira; Funana; Kalonny fahiny; Malagasy Folk Music; Malagasy Music; Maloya; Maloya electronique; Maloya elektrik; Morna; Salegy; Sante engage; Sega; Seychelles and Mascarene Islands Music; Traditional Maloya; Traditional Sega; Tsapiky"
XAA,"West African Music",0,"Afrobeat; Agbadza; Agbekor; Akan Music; Alloukou; Apala; Balani Show; Coupe-decale; Dagomba Music; Ewe Music; Fon Music; Fuji; Fula Music; Griot Music; Gumbe; Hausa Music; Highlife; Igbo Music; Juju; Kabye Folk Music; Kru Music; Mande Music; Mbalax; Mossi Music; Ogene Music; Palm Wine Music; Songhai Music; Tassu; Tchink System; Tchinkoume; Tradi-moderne ivoirien; Waka; Wassoulou; Wolof Music; Yoruba Folk Opera; Yoruba Music; Ziglibithy; Zinli; Zoblazo; Zouglou"
XAC,"East African Music",0,"Acholi Music; Acholitronix; Baganda Music; Benga; Beni; Comorian Music; Dinka Music; Gogo Music; Kadongo kamu; Kapuka; Kidandali; Kidumbak; Marrabenta; Mataali; Mchiriku; Muziki wa dansi; Ngoma; Omutibo; Shilluk Music; Singeli; Soga Music; Taarab; Timbila; Twa Music; Unyago"
XAD,"Central African Music",0,"Ambasse bey; Assiko; Banda Music; Bend-skin; Bikutsi; Congolese Rumba; Kalindula; Kilapanga; Kizomba; Kwassa kwassa; Makossa; Mangambeu; Mbenga-Mbuti Music; Mbole; Puxa; Semba; Soukous; Tarraxinha; Tradi-moderne congolais"
XAE,"Southern African Music",0,"Afrikaner Folk Music; Chimurenga; Famo; Isicathamiya; Jit; Khoisan Folk Music; Maskandi; Mbube; Nguni Folk Music; Shona Mbira Music; Shona Music; Sotho-Tswana Folk Music; Southern African Folk Music; Sungura; Township Jive; Tsonga Disco"
XAF,"North African Music",0,"Ahwash; Algerian Chaabi; Amazigh Music; Ancient Egyptian Music; Egyptian Music; Gnawa; Izlan; Kabyle Music; Maghrebi Music; Mahraganat; Malhun; Moorish Music; Moroccan Chaabi; Pop Rai; Raqs baladi; Sahrawi Music; Saidi; Shaabi; Staifi; Takamba; Tishoumaren; Traditional Rai; Trap shaabi; Tuareg Music"
XAH,"Northeastern African Music",0,"Afar Music; Azmari; Beja Music; Belwo; Dhaanto; Ethiopic Music; Gurage Music; Nubian Music; Nuer Music; Oromo Music; Qaraami; Somali Music; Tigrinya Music; Tizita; Welayta Music"
XA8,"Other African Music",0,""
XA9,"Unspecified African Music",0,""
XC,"Arabic Music",2,"Aita; Al jeel; Al-Jadid; Arabic Bellydance Music; Arabic Folk Music; Arabic Pop; Ayyalah; Bedouin Music; Dabke; Druze Music; Fijiri; Khaliji Music; Levantine Arabic Music; Liwa; Musiqa lubnaniyya; Nuban; Samri; Sawt; Shehhi Music; Shilla; Zajal"
XC8,"Other Arabic Music",0,""
XC9,"Unspecified Arabic Music",0,""
XD,"Maqamic Music",2,""
XD8,"Other Maqamic Music",0,""
XD9,"Unspecified Maqamic Music",0,""
XE,"European Music",12,"Chanson; Chanson alternative; Chanson quebecoise; Chanson realiste; Crimean Tatar Music; Dechovka; Fanfare; Nouvelle chanson francaise; Schottische; Trampska hudba; Vals venezolano; Valsa brasileira; Waltz"
XEA,"British Music",0,"British Brass Band; Change Ringing; Concertina Band"
XEC,"German Music",0,"Guggenmusik"
XED,"Nordic Music",0,"Dansbandsmusik; Dansktop; Greenlandic Music; Kalattut; Vaigat; Visa"
XEE,"Italian Music",0,"Lauda"
XEF,"Iberian Music",0,"Bolero espanol; Buleria; Flamenco; Flamenco Pop; Flamenco nuevo; Pimba; Portuguese Music; Rumba catalana; Rumba flamenca; Spanish Music; Villancico"
XEH,"Russian Music",0,"Russian Chanson; Russian Romance"
XEJ,"Greek Music",0,"Ancient Greek Music; Entechna; Entechna laika; Laika; Modern Laika; Neo Kyma; Skiladika"
XEK,"Polish Music",0,"Mazur; Mazurka; Miejski folk; Polonaise"
XEM,"Romanian Music",0,"Manele; Romanian Etno Music; Romante"
XEN,"Balkan Music",0,"Balkan Pop-Folk; Chalga; Muzica de mahala; Tallava; Turbo-Folk; Yu-Mex"
XE8,"Other European Music",0,""
XE9,"Unspecified European Music",0,""
XF,"Hispanic Music",3,"Romance"
XFA,"Hispanic American Music",0,"Bachaton; Banda sinaloense; Bandas de viento de Mexico; Bolero; Boogaloo; Chicha; Chilena; Corrido; Corrido tumbado; Cubaton; Cumbia; Cumbia amazonica; Cumbia argentina; Cumbia chilena; Cumbia colombiana; Cumbia mexicana; Cumbia nortena mexicana; Cumbia nortena peruana; Cumbia peruana; Cumbia pop; Cumbia rebajada; Cumbia salvadorena; Cumbia santafesina; Cumbia sonidera; Cumbia turra; Cumbia villera; Cumbiaton; Digital Cumbia; Doble paso; Duranguense; Filin; Latin Alternative; Mariachi; Merecumbe; Mexican Music; Movimiento alterado; Neoperreo; New Mexico Music; Norteno; Nueva cumbia chilena; RKT; Ranchera; Reggaeton; Reparto; Rhumba; Romantic Style; Salsa; Salsa choke; Salsa dura; Salsa romantica; Sierreno; Tecnobanda; Tejano Music; Timba"
XF8,"Other Hispanic Music",0,""
XF9,"Unspecified Hispanic Music",0,""
XH,"Brazilian Music",2,"Aboio; Aboio cantado; Afoxe; Agronejo; Arrocha; Arrocha sertanejo; Arrochadeira; Axe; Baiao; Banda de pifano; Bandinha; Batucada; Bossa nova; Brazilian Folk Music; Brega; Brega calypso; Bregadeira; Candomble Music; Cantoria; Capoeira Music; Carimbo; Choro; Ciranda; Coco; Dobrado; Embolada; Fandango caicara; Forro; Forro de favela; Forro eletronico; Forro universitario; Frevo; Frevo de bloco; Frevo de rua; Frevo eletrico; Frevo-cancao; Funknejo; Guitarrada; Jongo; Lambada; Lundu; MPB; Maracatu; Marchinha; Maxixe; Moda de viola; Modinha; Musica gaucha; Northeastern Brazilian Music; Northern Brazilian Music; Pagodao; Pagode; Pagode romantico; Partido alto; Piseiro; Ponto de umbanda; Rasqueado; Repente; Samba; Samba Soul; Samba de breque; Samba de gafieira; Samba de roda; Samba de terreiro; Samba-cancao; Samba-choro; Samba-enredo; Samba-exaltacao; Samba-jazz; Samba-joia; Samba-reggae; Samba-rock; Sambalanco; Sertanejo; Sertanejo de raiz; Sertanejo romantico; Sertanejo universitario; Southeastern Brazilian Music; Southern Brazilian Music; Toada de Boi; Unakesa; Vanera; Xaxado; Xote"
XH8,"Other Brazilian Music",0,""
XH9,"Unspecified Brazilian Music",0,""
XJ,"Caribbean Music",7,"Aleke; Bachata; Baithak gana; Brukdown; Bullerengue; Calipso venezolano; Calypso; Champeta; Chutney; Dembow; Gaita zuliana; Garifuna Music; Goombay; Indo-Caribbean Music; Junkanoo; Kaseko; Palo de mayo; Parang; Porro; Punta; Steel Band; Tassa; Vallenato"
XJA,"Cuban Music",0,"Abakua Music; Bolero son; Chachacha; Changui; Conga; Cuban Charanga; Danzon; Descarga; Guaguanco; Guajira; Guaracha; Habanera; Mambo; Mozambique; Nueva trova; Pachanga; Pilon; Rumba cubana; Santeria Music; Son cubano; Son montuno; Songo; Trova; Tumba francesa"
XJC,"Jamaican Music",0,"Kumina; Mento; Nyahbinghi; Rocksteady"
XJD,"French Caribbean Music",0,"Bele; Biguine; Bouyon; Cabo-Zouk; Cadence lypso; Cadence rampa; Compas; Gwo ka; Haitian Music; Haitian Vodou Drumming; Meringue; Raboday; Rara; Rasin; Tumbele; Twoubadou; Zouk; Zouk Love"
XJE,"Soca",0,"Bashment Soca; Chutney Soca; Dennery Segment; Power Soca; Rapso"
XJF,"Merengue",0,"Mambo urbano; Merengue tipico; Merenhouse; Tecnomerengue"
XJ8,"Other Caribbean Music",0,""
XJ9,"Unspecified Caribbean Music",0,""
XK,"North American Music",2,"Americana; Barbershop; Cajun Music; Cakewalk; Coon Song; Foxtrot; Honky-Tonk Piano; Jubilee; Louisiana Music; New Orleans Brass Band; Nouveau zydeco; Novelty Piano; Pep Band; Ragtime; Ragtime Song; Sacred Steel; Shaker Music; Southern Gospel; Swamp Pop; Tex-Mex; Texan Music; Traditional Cajun Music; Zydeco"
XK8,"Other North American Music",0,""
XK9,"Unspecified North American Music",0,""
XM,"South American Music",6,"Avanzada; Bailecito; Caporal; Carnaval cruceno; Chuntunqui romantico; Conjunto andino; Currulao; Guarania; Onda nueva; Pasillo; Polka paraguaya"
XMA,"Argentine Music",0,"Cuarteto; Guaracha santiaguena"
XMC,"Chilean Music",0,"Chilote Music; Jazz guachaca; Mambo chileno; Musica tipica chilena; Neofolklore; Tonada chilena"
XMD,"Rioplatense Music",0,"Candombe beat; Finnish Tango; Tango; Tango nuevo"
XME,"Peruvian Music",0,"Festejo; Lando; Marinera; Musica criolla peruana; Polka peruana; Tondero; Tunantada; Vals criollo"
XM8,"Other South American Music",0,""
XM9,"Unspecified South American Music",0,""
XN,"Asian Music",8,"Beompae; Buddhist Music; Chod; Ghazal; Shomyo"
XNA,"South Asian Music",0,"Adhunik geet; Baila; Balochi Music; Bhajan; Bhangra; Bhojpuri Pop; Dhol tasha; Filmi; Folkhop; Gaana; Garba; Ginan; Goan Music; Indian Pop; Pop Ghazal; Rigsar; Sindhi Music; Vedic Chant"
XNC,"East Asian Music",0,"Ainu Music; Amami shimauta; Ancient Chinese Music; Cantonese Opera; Changjak gugak; Chaozhou xianshi; Chinese Folk Music; Chinese Music; Chinese Opera; Enka; Fusion Gugak; Guangdong yinyue; Han Folk Music; Haozi; Henan Opera; Japanese Music; Jiangnan sizhu; Korean Music; Korean Revolutionary Opera; Kunqu Opera; Manchu Music; Nanyin; Naxi Music; Okinawan Music; Peking Opera; Pon-chak disco; Quyi; Revolutionary Opera; Ryukoka; Ryukyuan Music; Semi-Trot; Shange; Shaoxing Opera; Shidaiqu; Sichuan Opera; Sizhu Music; Taoist Ritual Music; Trot; Upopo; Xinyao; Yangzhou Opera; Yukar; Zhongguo feng"
XND,"Southeast Asian Music",0,"Balinese Music; Balitaw; Bamar Folk Music; Bamar Music; Bantengan; Batak Music; Bolero Viet Nam; Ca tru; Cai luong; Cambodian Pop; Campursari; Cheo; Cilokaq; Dangdut; Dangdut koplo; Dikir barat; Dondang sayang; Gambang kromong; Gondang; Harana; Hat lo to; Hill Tribe Music; Hmong Pop; Igorot Music; Ilocano Music; Indonesian Music; Jaipongan; Javanese Music; Kantruem; Kecak; Keroncong; Ketuk tilu; Khmer Folk Music; Khmer Music; Kliningan; Kuda kepang; Kundiman; Langgam Jawa; Lilat; Lisu Music; Luk krung; Luk thung; Malay Folk Music; Malay Music; Minangkabau Music; Molam; Molam sing; Mono; Ngam tho; Nhac do; Nhac tien chien; Nhac vang; Orkes gambus; Philippine Music; Philippine Rondalla; Pop Batak; Pop Minang; Pop Sunda; Qasidah modern; Quan ho; Rom kbach; Sundanese Music; Talempong goyang; Tan co giao duyen; Tanjidor; Tarawangsa; Thai Music; Vietnamese Folk Music; Vietnamese Music; Xam"
XNE,"Central Asian Music",0,"Bayawan; Falak; Hazara Folk Music; Kazakh Music; Pamiri Music; Tajik Music; Tibetan Music; Turkmen Music; Uyghur Music; Uzbek Music; Zhabdro gorgom"
XNF,"West Asian Music",0,"Abkhazian Folk Music; Achomi Music; Arabesk; Armenian Folk Music; Armenian Music; Avar Folk Music; Azerbaijani Music; Bandari; Batonebi Songs; Caucasian Folk Music; Caucasian Music; Chechen Folk Music; Circassian Folk Music; Dagestani Folk Music; Fantezi; Georgian Folk Music; Gilaki Music; Kanto; Karachay-Balkarian Music; Kef Music; Koche bazari; Kurdish Music; Meyxana; Ossetian Folk Music; Ottoman Military Music; Ozgun Muzik; Persian Folk Music; Persian Music; Persian Pop; Rabiz; Symphonic Mugham; Turkish Black Sea Region Folk Music; Turkish Folk Music; Turkish Music; Turkish Pop; Uzun Hava; Zeybek"
XNH,"North Asian Music",0,"Chukchi Folk Music; Nivkh Music; Ob-Ugric Folk Music; Samoyedic Folk Music"
XN8,"Other Asian Music",0,""
XN9,"Unspecified Asian Music",0,""
XP,"Austronesian Music",2,"Indigenous Taiwanese Music; Pakacaping Music"
XP8,"Other Austronesian Music",0,""
XP9,"Unspecified Austronesian Music",0,""
XR,"Christian Liturgical Music",2,"Ambrosian Chant; Anglican Chant; Armenian Church Music; Canto beneventano; Canto mozarabe; Celtic Chant; Coptic Music; Ethiopian Church Music; Gallican Chant; Gregorian Chant; Kyivan Chant; Mass; Old Roman Chant; Plainsong; Requiem; Russian Orthodox Liturgical Music; Sarum Chant; Seinn nan salm; Syriac Chant; Znamenny Chant"
XR8,"Other Christian Liturgical Music",0,""
XR9,"Unspecified Christian Liturgical Music",0,""
XT,"Ancient Music",2,"Ancient Roman Music; Mesopotamian Music"
XT8,"Other Ancient Music",0,""
XT9,"Unspecified Ancient Music",0,""
XU,"Indigenous American Music",2,"Athabaskan Fiddling; Baguala; Bolivian Huayno; Carnavalito; Chimaychi; Ghost Dance Song; Harawi; Huaylarsh; Huayno; Indigenous Andean Music; Indigenous North American Music; Inuit Music; Inuit Vocal Games; James Bay Fiddling; Maya Music; Mesoamerican Music; Metis Fiddling; Metis Music; Morenada; Nahua Music; Powwow Music; Pueblo Music; Rabbit Song; Tivaner inngernerlu; Tonada potosina; Uaajeerneq"
XU8,"Other Indigenous American Music",0,""
XU9,"Unspecified Indigenous American Music",0,""
XV,"Turkic-Mongolic Music",2,"Altai Music; Bashkir Folk Music; Bogino duu; Buryat Music; Central Asian Throat Singing; Kai; Kalmyk Music; Karakalpak Traditional Music; Khakas Traditional Music; Kyrgyz Traditional Music; Mongolian Music; Mongolian Throat Singing; Sakha Traditional Music; Tuvan Throat Singing; Urtiin duu; Zohioliin duu"
XV8,"Other Turkic-Mongolic Music",0,""
XV9,"Unspecified Turkic-Mongolic Music",0,""
XW,"Jewish Music",2,"Ancient Levitical Music; Ashkenazi Cantorial Music; Ashkenazi Music; Baqashot; Chazzanut; Hasidic Music; Jewish Liturgical Music; Klezmer; Kriyat haTorah; Ladino Folksong; Maftirim; Muzika mizrahit; Muzika yehudit mekorit; Muzikat dikaon; Nigun; Oriental Jewish Music; Orthodox Pop; Piyyut; Sephardic Music; Yiddish Folksong"
XW8,"Other Jewish Music",0,""
XW9,"Unspecified Jewish Music",0,""
X8,"Other Regional Music",1,""
X89,"Misc Regional Music",0,"Banga; Central American Music; Djanba; Fijian Music; Hapa haole; Hawaiian Music; Himene tarava; Indigenous Australian Traditional Music; Islamic Religious Music and Recitation; Jawaiian; Jilala Music; Kafi; Kaneka; Kantan Chamorrita; Lab Polyphony; Lokal musik; Maddahi; Manzuma; Maori Music; Melanesian Music; Micronesian Music; Nasheed; Oceanian Music; Paghjella; Papuan Folk Music; Polifonia occitana; Polynesian Music; Polyphonic Chant; Prehistoric Music; Purisima; Qawwali; Rapai daboih; Samoan Music; Shoor; Slack-Key Guitar; Son de pascua; Son nica; Sufi Music; Sufi Rock; Tahitian Music; Tamborera; Tamborito; Tolai Rock; Tosk Polyphony; Turkish Mevlevi Music; Vude; Wangga; Xuc"
X9,"Unspecified Regional Music",1,""
X99,"Undecided Regional Music",0,""
Y,"Musical Theatre and Entertainment",12,"Cabaret; Dutch Cabaret; Kabarett; Minstrelsy; Murga; Murga uruguaya; Music Hall; Revue; Show Tunes; Vaudeville"
YA,"Musical Theatre",2,""
YA8,"Other Musical Theatre",0,""
YA9,"Unspecified Musical Theatre",0,""
YC,"Variety Entertainment",2,""
YC8,"Other Variety Entertainment",0,""
YC9,"Unspecified Variety Entertainment",0,""
YD,"International Theatrical Forms",2,""
YD8,"Other International Theatrical Forms",0,""
YD9,"Unspecified International Theatrical Forms",0,""
YE,"Siffleur",2,""
YE8,"Other Siffleur",0,""
YE9,"Unspecified Siffleur",0,""
2,"Descriptor",130,""
2A,"Atmosphere",17,""
2AA,"Dark",0,"Funereal; Infernal; Ominous"
2AC,"Natural",0,"Aquatic; Desert; Forest; Mountains; Pastoral; Rain; Storm; Tropical; Beach"
2AD,"Seasonal",0,"Autumn; Spring; Summer; Winter"
2AE,"Nocturnal",0,"Evening; Morning; Daytime"
2AF,"Cold",0,"Desolate; Cavernous"
2AH,"Warm",0,"Cozy; Twinkling; Bright"
2AJ,"Ethereal",0,"Hazy; Psychedelic; Surreal"
2AK,"Epic",0,"Martial; Apocalyptic"
2AM,"Mysterious",0,"Suspenseful; Hypnotic"
2AN,"Spiritual",0,"Introspective; Tribal; Ritualistic"
2AP,"Space",0,"Mechanical; Futuristic"
2AR,"Peaceful",0,""
2AT,"Urban",0,"Party"
2AU,"Medieval",0,""
2AV,"Repetitive",0,"Rhythmic"
2A8,"Other Atmosphere",0,""
2A9,"Unspecified Atmosphere",0,""
2C,"Mood",9,""
2CA,"Aggressive",0,"Angry"
2CC,"Anxious",0,"Disturbing; Scary"
2CD,"Calm",0,"Lethargic; Meditative; Mellow; Soothing"
2CE,"Energetic",0,"Manic; Triumphant; Uplifting"
2CF,"Happy",0,"Playful; Quirky"
2CH,"Passionate",0,"Romantic; Sensual"
2CJ,"Sad",0,"Depressive; Lonely; Longing; Melancholic; Sentimental; Sombre; Bittersweet"
2C8,"Other Mood",0,""
2C9,"Unspecified Mood",0,""
2D,"Form",10,""
2DA,"Ensemble",0,"A Cappella; Acoustic; Duet; Instrumental; Orchestral; Posse Cut; Sampling; Unaccompanied Solo; Vocal Group"
2DC,"Section",0,"Interlude; Intro; Movement; Outro; Reprise"
2DD,"Composition",0,"Suite; Medley"
2DE,"Ballad",0,""
2DF,"Concept Album",0,""
2DH,"Humorous",0,"Parody; Pastiche; Skit; Novelty"
2DJ,"Monologue",0,"Diss"
2DK,"Avant-Garde",0,"Silence"
2D8,"Other Form",0,""
2D9,"Unspecified Form",0,""
2E,"Style",10,""
2EA,"Heavy",0,"Dense; Maximalist; Wall of Sound; Chaotic"
2EC,"Lo-Fi",0,"Fuzzy; Muffled; Raw; Squelchy; Crackly"
2ED,"Melodic",0,"Lush; Polyphonic; Smooth; Anthemic"
2EE,"Dissonant",0,"Atonal; Microtonal; Noisy; Piercing; Angular"
2EF,"Complex",0,"Eclectic; Progressive; Technical"
2EH,"Minimalistic",0,"Monophonic; Soft; Sparse"
2EJ,"Atmospheric",0,"Bassy; Buzzy"
2EK,"Theatrical",0,""
2E8,"Other Style",0,""
2E9,"Unspecified Style",0,""
2F,"Technique",7,""
2FA,"Improvisation",0,"Aleatory; Free Rhythm; Jamming"
2FC,"Blast Beats",0,"Gallop; Polyrhythm; Rubato; Triple Metre; Uncommon Time Signatures"
2FD,"Production",0,"Lobit; Vocal Chops"
2FE,"Generative Music",0,"Leitmotif; Through-Composed"
2FF,"Call and Response",0,""
2F8,"Other Technique",0,""
2F9,"Unspecified Technique",0,""
2H,"Theme",21,""
2HA,"Love",0,"Breakup; Divorce; Flirting; Infidelity; Loyalty; Marriage; Sexual; Unrequited Love; Betrayal"
2HC,"Death",0,"Decay; Ghosts; Gore; Homicide; Horror; Macabre; Monsters; Suicide; Vampires; Afterlife"
2HD,"Drugs",0,"Alcohol; Antidrug; Cannabis; Cocaine; Hallucinogens; Hedonism; Nicotine; Opioids"
2HE,"Nature",0,"Animals; Environmentalism; Farming; Flowers; Hunting; Maritime; Pets; Plants; Fire"
2HF,"Science Fiction",0,"Cars; Cyberpunk; Dystopian; Internet; Robots; Technology; Vehicles; Aliens"
2HH,"Ideology",0,"Anarchism; Anti-Authoritarian; Anticolonialism; Antidiscrimination; Antiracism; Conservatism; Nationalism; Patriotic; Political; Propaganda; Protest; Revolution; Socialism; pacifism; vegetarianism; Conscious"
2HJ,"Gender",0,"Feminism; Individuality; LGBTQ; Manhood; Nonbinary; Self-Hatred; Self-Love; Transgender; Womanhood"
2HK,"Health",0,"Addiction; Disease; Fitness; Injury; Mental Health; Sobriety; Trauma; Healing"
2HM,"History",0,"Antiquity; Fantasy; Folklore; Mythology; Pirates; Prehistory; Vikings; Wild West; Fairy Tale"
2HN,"Crime",0,"Domestic; Guns; Police; Prison; Theft; Vengeance; Violence; Conspiracy"
2HP,"Philosophical",0,"Anti-Religious; Christian; Existential; Nihilistic; Occult; Pagan; Paranormal; Satanism; Shamanism; Religious"
2HR,"Visual Arts",0,"Anime and Manga; Biblical; Comics; Entertainment Industry; Film; Literature; Radio; Television; Video Games; About Music"
2HT,"Family",0,"Ageing; Childhood; Parenthood; School; Adolescence"
2HU,"Nostalgia",0,"Courage; Envy; Failure; Fame; Greed; Grief; Obsession; Paranoia; Rejection; Alienation"
2HV,"Everyday Life",0,"Dancing; Fashion; Fishing; Food; Leisure; Mining; Nightlife; Shopping; Sports; Suburban; Travel; Work; association football; basketball; boxing; cosmetics; racing; skateboarding; wrestling; Community"
2HW,"Money",0,"Gambling; Poverty"
2HX,"Holiday",0,"Carnaval; Christmas; Halloween; Birthday"
2HY,"Sleep",0,"Dreams"
2H2,"Abstract",0,"Apology; Callback; Educational; Escapism; Mathematics; Science"
2H8,"Other Theme",0,"disaster; drought; fans; friendship; indigeneity; migration"
2H9,"Unspecified Theme",0,""
2J,"Vocals",8,""
2JA,"Female Vocalist",0,"Male Vocalist; Nonbinary Vocalist; Androgynous Vocals"
2JC,"Harsh Vocals",0,"Yarling; Gang Vocals"
2JD,"Falsetto",0,"Humming; Whispering; Crooning"
2JE,"Nonlexical Vocables",0,"Whistling"
2JF,"Pitched-Down Vocals",0,"Pitched-Up Vocals"
2JH,"Sing-Rapping",0,"Talk-Singing; Deadpan"
2J8,"Other Vocals",0,""
2J9,"Unspecified Vocals",0,""
2K,"Lyrics",10,""
2KA,"Boastful",0,"Provocative; Rebellious; Vulgar"
2KC,"Compassionate",0,"Optimistic; Altruistic"
2KD,"Cynical",0,"Hateful; Menacing; Misanthropic; Pessimistic; Sarcastic; Satirical"
2KE,"Poetic",0,"Cryptic; Stream of Consciousness; Wordplay; Lyrical Dissonance"
2KF,"Narrative",0,"Dialogue"
2KH,"Serious",0,"Insecure; Apathetic"
2KJ,"Code-Mixing",0,""
2KK,"Tone",0,""
2K8,"Other Lyrics",0,""
2K9,"Unspecified Lyrics",0,""
2M,"Language",25,""
2MA,"English",0,""
2MC,"Spanish",0,"Catalan"
2MD,"Portuguese",0,"Brazilian Portuguese"
2ME,"French",0,"Cajun French"
2MF,"Italian",0,""
2MH,"German",0,"Austrian German"
2MJ,"Dutch",0,"Afrikaans"
2MK,"Scandinavian",0,"Danish"
2MM,"Slavic",0,"Bosnian"
2MN,"Greek",0,"Ancient Greek"
2MP,"Celtic",0,"Breton"
2MR,"Romanian",0,"Romani"
2MT,"Japanese",0,""
2MU,"Korean",0,""
2MV,"Mandarin",0,"Cantonese"
2MW,"Hindi",0,"Bengali"
2MX,"Arabic",0,""
2MY,"Hebrew",0,""
2M2,"Turkish",0,"Azerbaijani"
2M3,"Persian",0,"Dari"
2M4,"Southeast Asian",0,"Indonesian"
2M6,"African Languages",0,""
2M7,"Indigenous and Other",0,"Ainu"
2M8,"Other Language",0,""
2M9,"Unspecified Language",0,""
28,"Other Descriptor",1,""
289,"Misc Descriptor",0,""
29,"Unspecified Descriptor",1,""
299,"Undecided Descriptor",0,""
3,"Scenes and Movements",234,""
3A,"Rock Scenes",25,""
3AA,"Akron Sound",0,""
3AC,"Aussie Pub Rock",0,""
3AD,"BRock",0,""
3AE,"Bosstown Sound",0,""
3AF,"CBGB Scene",0,""
3AH,"Cleveland Punk",0,""
3AJ,"Clube da esquina",0,""
3AK,"Grebo",0,""
3AM,"Greenwich Village Scene",0,""
3AN,"Group Sounds",0,""
3AP,"Hoboken Sound",0,""
3AR,"Jovem Guarda",0,""
3AT,"Laurel Canyon Scene",0,""
3AU,"Louisville Sound",0,""
3AV,"Madchester",0,""
3AW,"Mentai Rock",0,""
3AX,"Merseybeat",0,""
3AY,"Mod",0,""
3A2,"San Francisco Sound",0,"Haight-Ashbury Scene"
3A3,"New Brunswick Basement Scene",0,""
3A4,"San Diego Sound",0,""
3A6,"Palm Desert Scene",0,""
3A7,"Texas Psychedelia",0,""
3A8,"Other Rock Scenes",0,""
3A9,"Unspecified Rock Scenes",0,""
3C,"Punk and Hardcore Scenes",17,""
3CA,"Anarcho-Punk",0,""
3CC,"Chikipunk",0,""
3CD,"Christian Hardcore",0,""
3CE,"Epadunk",0,""
3CF,"Florida Fast Music",0,""
3CH,"Japanese Hardcore",0,""
3CJ,"Nardcore",0,""
3CK,"New York Hardcore",0,""
3CM,"Positive Punk",0,""
3CN,"Revolution Summer",0,""
3CP,"Riot Grrrl",0,""
3CR,"Siberian Punk",0,""
3CT,"Straight Edge",0,"H8000; Hardline; Krishnacore; Vegan Straight Edge; Youth Crew"
3CU,"UK82",0,""
3CV,"Vixa",0,""
3C8,"Other Punk and Hardcore Scenes",0,""
3C9,"Unspecified Punk and Hardcore Scenes",0,""
3D,"Metal Scenes",11,""
3DA,"Bay Area Thrash Metal",0,""
3DC,"Cascadian Black Metal",0,""
3DD,"Gothenburg Sound",0,""
3DE,"Holy Terror",0,""
3DF,"NOLA Sludge",0,""
3DH,"NWOBHM",0,""
3DJ,"RABM",0,""
3DK,"Sunset Strip Glam Metal",0,""
3DM,"Teutonic Thrash Metal",0,""
3D8,"Other Metal Scenes",0,""
3D9,"Unspecified Metal Scenes",0,""
3E,"Hip Hop Scenes",11,""
3EA,"DMV Hip Hop",0,""
3EC,"Desi Hip Hop",0,""
3ED,"East Coast Hip Hop",0,"Bronx Drill; Brooklyn Drill"
3EE,"French Hip Hop",0,""
3EF,"Hip-hopolo",0,""
3EH,"Japanese Hip Hop",0,""
3EJ,"LA Beat Scene",0,""
3EK,"Midwest Hip Hop",0,""
3EM,"UK Hip Hop",0,""
3E8,"Other Hip Hop Scenes",0,""
3E9,"Unspecified Hip Hop Scenes",0,""
3F,"Electronic Scenes",12,""
3FA,"Bloghouse",0,""
3FC,"Bristol Sound",0,""
3FD,"Dek Bass",0,""
3FE,"First Wave of Detroit Techno",0,""
3FF,"J-core",0,""
3FH,"Nerdcore Techno",0,""
3FJ,"Seapunk",0,""
3FK,"Second Wave of Detroit Techno",0,""
3FM,"Sovietwave",0,""
3FN,"The Wave",0,""
3F8,"Other Electronic Scenes",0,""
3F9,"Unspecified Electronic Scenes",0,""
3H,"Pop Scenes",14,""
3HA,"C-Pop",0,"Cantopop; Gufeng; Hokkien Pop; Mandopop"
3HC,"Japanese Idol",0,"Alternative Idol"
3HD,"Manila Sound",0,""
3HE,"New Pop",0,""
3HF,"New Romantic",0,""
3HH,"OPM",0,""
3HJ,"Pop Kreatif",0,""
3HK,"Pop Yeh-Yeh",0,""
3HM,"Q-Pop",0,""
3HN,"T-Pop",0,""
3HP,"Tontipop",0,""
3HR,"V-Pop",0,""
3H8,"Other Pop Scenes",0,""
3H9,"Unspecified Pop Scenes",0,""
3J,"Folk and Acoustic Scenes",9,""
3JA,"Campus Folk",0,""
3JC,"Neue Volksmusik",0,""
3JD,"New Weird America",0,""
3JE,"New Weird Finland",0,""
3JF,"Red Dirt",0,""
3JH,"Scottish Folk Revival",0,""
3JJ,"Second British Folk Revival",0,""
3J8,"Other Folk and Acoustic Scenes",0,""
3J9,"Unspecified Folk and Acoustic Scenes",0,""
3K,"Jazz Scenes",8,""
3KA,"British Trad Jazz",0,""
3KC,"Loft Jazz",0,""
3KD,"New London Jazz",0,""
3KE,"New Orleans Blues",0,""
3KF,"Yass",0,""
3KH,"Chicago School",0,""
3K8,"Other Jazz Scenes",0,""
3K9,"Unspecified Jazz Scenes",0,""
3M,"Avant-Garde Scenes",13,""
3MA,"Chicago No Wave",0,""
3MC,"Darmstadt School",0,""
3MD,"Fort Thunder Scene",0,""
3ME,"Franco-Flemish School",0,""
3MF,"Free Noise",0,""
3MH,"Kansai No Wave",0,""
3MJ,"Moscow School",0,""
3MK,"New York School",0,""
3MM,"No Wave",0,""
3MN,"Rock in Opposition",0,""
3MP,"Second Viennese School",0,""
3M8,"Other Avant-Garde Scenes",0,""
3M9,"Unspecified Avant-Garde Scenes",0,""
3N,"Latin American Scenes",18,""
3NA,"Berite Club",0,""
3NC,"Manguebeat",0,""
3ND,"Movida madrilena",0,""
3NE,"Nova vanguarda paulistana",0,""
3NF,"Novo Dub",0,""
3NH,"Nueva ola",0,""
3NJ,"Rock barrial",0,""
3NK,"Rock radical vasco",0,""
3NM,"Rock subterraneo",0,""
3NN,"Rock sonico",0,""
3NP,"Rock urbano espanol",0,""
3NR,"Rock urbano mexicano",0,""
3NT,"Tropicanibalismo",0,""
3NU,"Tropicalia",0,""
3NV,"Trova rosarina",0,""
3NW,"Vanguarda paulista",0,""
3N8,"Other Latin American Scenes",0,""
3N9,"Unspecified Latin American Scenes",0,""
3P,"European Scenes",25,""
3PA,"Bernese Dialect Scene",0,""
3PC,"Brno Alternative Scene",0,""
3PD,"Donosti Sound",0,""
3PE,"Dusseldorf School",0,""
3PF,"English Underground",0,"Ladbroke Grove Scene"
3PH,"Friese bries",0,""
3PJ,"Hamburger Schule",0,""
3PK,"Leningrad Rock Club Scene",0,""
3PM,"Little Band Scene",0,""
3PN,"Mloda Polska",0,""
3PP,"Neue Deutsche Welle",0,""
3PR,"New Partisans",0,""
3PT,"New Primitivism",0,""
3PU,"New Wave of New Wave",0,""
3PV,"New Way of Danish Fuck You",0,""
3PW,"Northern Gothic",0,""
3PX,"Nova srpska scena",0,""
3PY,"Novaya scena",0,""
3P2,"West Coast Sound of Holland",0,""
3P3,"Yugoslav New Wave",0,""
3P4,"Ceska alternativni scena",0,""
3P6,"Ceska nova vlna",0,""
3P7,"Cesky underground",0,""
3P8,"Other European Scenes",0,""
3P9,"Unspecified European Scenes",0,""
3R,"Asian Scenes",11,""
3RA,"Asian Underground",0,""
3RC,"Beijing New Sound",0,""
3RD,"Doujin Music",0,"Touhou Music"
3RE,"Hung ca",0,""
3RF,"Shibuya-kei",0,""
3RH,"Shimokita-kei",0,""
3RJ,"Vietnamese New Wave",0,""
3RK,"Visual kei",0,"Kote kei; Nagoya kei; Soft Visual"
3RM,"Xibei feng",0,""
3R8,"Other Asian Scenes",0,""
3R9,"Unspecified Asian Scenes",0,""
3T,"African Scenes",9,""
3TA,"Alte",0,""
3TC,"Authenticite",0,""
3TD,"Burger-Highlife",0,""
3TE,"Urban Grooves",0,""
3TF,"Voelvry Movement",0,""
3TH,"Zamrock",0,""
3TJ,"Zimdancehall",0,""
3T8,"Other African Scenes",0,""
3T9,"Unspecified African Scenes",0,""
3U,"Internet and Niche Scenes",16,""
3UA,"Brony Music",0,""
3UC,"Dariacore",0,""
3UD,"Demoscene",0,""
3UE,"Doom WAD Music",0,""
3UF,"Filk",0,""
3UH,"Furry Music",0,""
3UJ,"High Quality Rip",0,""
3UK,"Maidcore",0,""
3UM,"Russemusikk",0,""
3UN,"SoundClown",0,""
3UP,"Vocaloid Scene",0,"Utaite"
3UR,"Warez Scene",0,""
3UT,"Wizard Rock",0,""
3UU,"YTPMV",0,"OtoMAD"
3U8,"Other Internet and Niche Scenes",0,""
3U9,"Unspecified Internet and Niche Scenes",0,""
3V,"Cultural Movements",16,""
3VA,"Afrofuturism",0,""
3VC,"CCM",0,"Praise Break; Praise and Worship; Urban Contemporary Gospel"
3VD,"Dolewave",0,""
3VE,"Emo Revival",0,""
3VF,"Harlem Renaissance",0,""
3VH,"New Tone",0,""
3VJ,"Paisley Underground",0,""
3VK,"Pansy Craze",0,""
3VM,"Queercore",0,""
3VN,"Scene",0,"Happy Rock"
3VP,"Taqwacore",0,""
3VR,"Ultra",0,""
3VT,"Womens Music Movement",0,""
3VU,"Northern Soul",0,""
3V8,"Other Cultural Movements",0,""
3V9,"Unspecified Cultural Movements",0,""
38,"Other Scenes and Movements",1,""
389,"Misc Scenes and Movements",0,""
39,"Unspecified Scenes and Movements",1,""
399,"Undecided Scenes and Movements",0,"Progg; Psichedelia occulta italiana; Windmill Scene"
4,"Time",191,""
4A,"1850s",10,""
4AA,"1850",0,""
4AC,"1851",0,""
4AD,"1852",0,""
4AE,"1853",0,""
4AF,"1854",0,""
4AH,"1855",0,""
4AJ,"1856",0,""
4AK,"1857",0,""
4AM,"1858",0,""
4AN,"1859",0,""
4C,"1860s",10,""
4CA,"1860",0,""
4CC,"1861",0,""
4CD,"1862",0,""
4CE,"1863",0,""
4CF,"1864",0,""
4CH,"1865",0,""
4CJ,"1866",0,""
4CK,"1867",0,""
4CM,"1868",0,""
4CN,"1869",0,""
4D,"1870s",10,""
4DA,"1870",0,""
4DC,"1871",0,""
4DD,"1872",0,""
4DE,"1873",0,""
4DF,"1874",0,""
4DH,"1875",0,""
4DJ,"1876",0,""
4DK,"1877",0,""
4DM,"1878",0,""
4DN,"1879",0,""
4E,"1890s",10,""
4EA,"1890",0,""
4EC,"1891",0,""
4ED,"1892",0,""
4EE,"1893",0,""
4EF,"1894",0,""
4EH,"1895",0,""
4EJ,"1896",0,""
4EK,"1897",0,""
4EM,"1898",0,""
4EN,"1899",0,""
4F,"1900s",10,""
4FA,"1900",0,""
4FC,"1901",0,""
4FD,"1902",0,""
4FE,"1903",0,""
4FF,"1904",0,""
4FH,"1905",0,""
4FJ,"1906",0,""
4FK,"1907",0,""
4FM,"1908",0,""
4FN,"1909",0,""
4H,"1910s",10,""
4HA,"1910",0,""
4HC,"1911",0,""
4HD,"1912",0,""
4HE,"1913",0,""
4HF,"1914",0,""
4HH,"1915",0,""
4HJ,"1916",0,""
4HK,"1917",0,""
4HM,"1918",0,""
4HN,"1919",0,""
4J,"1920s",10,""
4JA,"1920",0,""
4JC,"1921",0,""
4JD,"1922",0,""
4JE,"1923",0,""
4JF,"1924",0,""
4JH,"1925",0,""
4JJ,"1926",0,""
4JK,"1927",0,""
4JM,"1928",0,""
4JN,"1929",0,""
4K,"1930s",10,""
4KA,"1930",0,""
4KC,"1931",0,""
4KD,"1932",0,""
4KE,"1933",0,""
4KF,"1934",0,""
4KH,"1935",0,""
4KJ,"1936",0,""
4KK,"1937",0,""
4KM,"1938",0,""
4KN,"1939",0,""
4M,"1950s",10,""
4MA,"1950",0,""
4MC,"1951",0,""
4MD,"1952",0,""
4ME,"1953",0,""
4MF,"1954",0,""
4MH,"1955",0,""
4MJ,"1956",0,""
4MK,"1957",0,""
4MM,"1958",0,""
4MN,"1959",0,""
4N,"1940s",10,""
4NA,"1940",0,""
4NC,"1941",0,""
4ND,"1942",0,""
4NE,"1943",0,""
4NF,"1944",0,""
4NH,"1945",0,""
4NJ,"1946",0,""
4NK,"1947",0,""
4NM,"1948",0,""
4NN,"1949",0,""
4P,"1960s",10,""
4PA,"1960",0,""
4PC,"1961",0,""
4PD,"1962",0,""
4PE,"1963",0,""
4PF,"1964",0,""
4PH,"1965",0,""
4PJ,"1966",0,""
4PK,"1967",0,""
4PM,"1968",0,""
4PN,"1969",0,""
4R,"1970s",10,""
4RA,"1970",0,""
4RC,"1971",0,""
4RD,"1972",0,""
4RE,"1973",0,""
4RF,"1974",0,""
4RH,"1975",0,""
4RJ,"1976",0,""
4RK,"1977",0,""
4RM,"1978",0,""
4RN,"1979",0,""
4T,"1980s",10,""
4TA,"1980",0,""
4TC,"1981",0,""
4TD,"1982",0,""
4TE,"1983",0,""
4TF,"1984",0,""
4TH,"1985",0,""
4TJ,"1986",0,""
4TK,"1987",0,""
4TM,"1988",0,""
4TN,"1989",0,""
4U,"1990s",10,""
4UA,"1990",0,""
4UC,"1991",0,""
4UD,"1992",0,""
4UE,"1993",0,""
4UF,"1994",0,""
4UH,"1995",0,""
4UJ,"1996",0,""
4UK,"1997",0,""
4UM,"1998",0,""
4UN,"1999",0,""
4V,"2000s",10,""
4VA,"2000",0,""
4VC,"2001",0,""
4VD,"2002",0,""
4VE,"2003",0,""
4VF,"2004",0,""
4VH,"2005",0,""
4VJ,"2006",0,""
4VK,"2007",0,""
4VM,"2008",0,""
4VN,"2009",0,""
4W,"2010s",10,""
4WA,"2010",0,""
4WC,"2011",0,""
4WD,"2012",0,""
4WE,"2013",0,""
4WF,"2014",0,""
4WH,"2015",0,""
4WJ,"2016",0,""
4WK,"2017",0,""
4WM,"2018",0,""
4WN,"2019",0,""
4X,"2020s",10,""
4XA,"2020",0,""
4XC,"2021",0,""
4XD,"2022",0,""
4XE,"2023",0,""
4XF,"2024",0,""
4XH,"2025",0,""
4XJ,"2026",0,""
4XK,"2027",0,""
4XM,"2028",0,""
4XN,"2029",0,""
48,"Other Time",1,""
489,"Misc Time",0,""
49,"Unspecified Time",1,""
499,"Undecided Time",0,""
6,"Non-music",29,""
6A,"Spoken Word",0,"Fairy Tales; Folktales; Guided Meditation; Interview; Lectures; Radio Drama; Sermons; Speeches; Stand-Up Comedy"
6C,"Field Recordings",2,""
6C8,"Other Field Recordings",0,""
6C9,"Unspecified Field Recordings",0,""
6D,"Poetry",2,"Beat Poetry; Cowboy Poetry; Slam Poetry"
6D8,"Other Poetry",0,""
6D9,"Unspecified Poetry",0,""
6E,"Audiobook",2,""
6E8,"Other Audiobook",0,""
6E9,"Unspecified Audiobook",0,""
6F,"Podcast",2,""
6F8,"Other Podcast",0,""
6F9,"Unspecified Podcast",0,""
6H,"Sound Effects",2,""
6H8,"Other Sound Effects",0,""
6H9,"Unspecified Sound Effects",0,""
6J,"ASMR",2,""
6J8,"Other ASMR",0,""
6J9,"Unspecified ASMR",0,""
6K,"Nature Recordings",2,""
6K8,"Other Nature Recordings",0,""
6K9,"Unspecified Nature Recordings",0,""
6M,"Language Learning",2,""
6M8,"Other Language Learning",0,""
6M9,"Unspecified Language Learning",0,""
68,"Other Non-music",1,""
689,"Misc Non-music",0,""
69,"Unspecified Non-music",1,""
699,"Undecided Non-music",0,""
7,"Artist Sort",459,""
7A,"A",23,""
7AA,"Aa",0,""
7AC,"Aba",0,""
7AD,"Abe",0,""
7AE,"Abi",0,""
7AF,"Abo",0,""
7AH,"Abu",0,""
7AJ,"Aca",0,""
7AK,"Ace",0,""
7AM,"Aci",0,""
7AN,"Aco",0,""
7AP,"Acu",0,""
7AR,"Ad",0,""
7AT,"Af",0,""
7AU,"Ai",0,""
7AV,"Al",0,""
7AW,"Am",0,""
7AX,"An",0,""
7AY,"Ap",0,""
7A2,"Ar",0,""
7A3,"As",0,""
7A4,"At",0,""
7A6,"Au",0,""
7A7,"Av",0,""
7C,"B-C",23,""
7CA,"Ba",0,""
7CC,"Bam",0,""
7CD,"Be",0,""
7CE,"Bes",0,""
7CF,"Bi",0,""
7CH,"Bl",0,""
7CJ,"Bo",0,""
7CK,"Br",0,""
7CM,"Bri",0,""
7CN,"Bru",0,""
7CP,"Bu",0,""
7CR,"Bv",0,""
7CT,"Ca",0,""
7CU,"Ce",0,""
7CV,"Ch",0,""
7CW,"Cha",0,""
7CX,"Ci",0,""
7CY,"Cl",0,""
7C2,"Co",0,""
7C3,"Com",0,""
7C4,"Cr",0,""
7C6,"Cu",0,""
7C7,"Cy",0,""
7D,"D",23,""
7DA,"Da",0,""
7DC,"Dam",0,""
7DD,"Dar",0,""
7DE,"De",0,""
7DF,"Dem",0,""
7DH,"Der",0,""
7DJ,"Di",0,""
7DK,"Dia",0,""
7DM,"Din",0,""
7DN,"Dis",0,""
7DP,"Dj",0,""
7DR,"Do",0,""
7DT,"Dom",0,""
7DU,"Dor",0,""
7DV,"Dr",0,""
7DW,"Dra",0,""
7DX,"Dri",0,""
7DY,"Dru",0,""
7D2,"Du",0,""
7D3,"Dun",0,""
7D4,"Dur",0,""
7D6,"Dw",0,""
7D7,"Dy",0,""
7E,"E",23,""
7EA,"Ea",0,""
7EC,"Ed",0,""
7ED,"Ef",0,""
7EE,"Eg",0,""
7EF,"Ei",0,""
7EH,"El",0,""
7EJ,"Ele",0,""
7EK,"Eli",0,""
7EM,"Em",0,""
7EN,"En",0,""
7EP,"Eni",0,""
7ER,"Ep",0,""
7ET,"Er",0,""
7EU,"Eri",0,""
7EV,"Ern",0,""
7EW,"Ero",0,""
7EX,"Es",0,""
7EY,"Et",0,""
7E2,"Eu",0,""
7E3,"Ev",0,""
7E4,"Ew",0,""
7E6,"Ex",0,""
7E7,"Ey",0,""
7F,"F",23,""
7FA,"Fa",0,""
7FC,"Fal",0,""
7FD,"Far",0,""
7FE,"Fas",0,""
7FF,"Fe",0,""
7FH,"Fer",0,""
7FJ,"Fi",0,""
7FK,"Fif",0,""
7FM,"Fin",0,""
7FN,"Fir",0,""
7FP,"Fis",0,""
7FR,"Fl",0,""
7FT,"Fla",0,""
7FU,"Flo",0,""
7FV,"Fo",0,""
7FW,"For",0,""
7FX,"Fr",0,""
7FY,"Fra",0,""
7F2,"Fre",0,""
7F3,"Fri",0,""
7F4,"Fro",0,""
7F6,"Fu",0,""
7F7,"Fy",0,""
7H,"G-H",23,""
7HA,"Ga",0,""
7HC,"Gar",0,""
7HD,"Ge",0,""
7HE,"Gi",0,""
7HF,"Gl",0,""
7HH,"Go",0,""
7HJ,"Gol",0,""
7HK,"Gr",0,""
7HM,"Gra",0,""
7HN,"Gu",0,""
7HP,"Ha",0,""
7HR,"Ham",0,""
7HT,"Har",0,""
7HU,"He",0,""
7HV,"Hea",0,""
7HW,"Her",0,""
7HX,"Hi",0,""
7HY,"Hil",0,""
7H2,"Ho",0,""
7H3,"Hol",0,""
7H4,"Hor",0,""
7H6,"Hu",0,""
7H7,"Hy",0,""
7J,"I-J",23,""
7JA,"Ia",0,""
7JC,"If",0,""
7JD,"Il",0,""
7JE,"Im",0,""
7JF,"In",0,""
7JH,"Io",0,""
7JJ,"Ir",0,""
7JK,"Is",0,""
7JM,"It",0,""
7JN,"Iv",0,""
7JP,"Ja",0,""
7JR,"Jac",0,""
7JT,"Jam",0,""
7JU,"Jan",0,""
7JV,"Je",0,""
7JW,"Jea",0,""
7JX,"Jef",0,""
7JY,"Ji",0,""
7J2,"Jo",0,""
7J3,"Joh",0,""
7J4,"Jon",0,""
7J6,"Jos",0,""
7J7,"Ju",0,""
7K,"K",23,""
7KA,"Ka",0,""
7KC,"Kal",0,""
7KD,"Kam",0,""
7KE,"Kar",0,""
7KF,"Kat",0,""
7KH,"Ke",0,""
7KJ,"Kel",0,""
7KK,"Ken",0,""
7KM,"Ker",0,""
7KN,"Kh",0,""
7KP,"Ki",0,""
7KR,"Kin",0,""
7KT,"Kir",0,""
7KU,"Kit",0,""
7KV,"Kl",0,""
7KW,"Kn",0,""
7KX,"Ko",0,""
7KY,"Kol",0,""
7K2,"Kon",0,""
7K3,"Kor",0,""
7K4,"Kr",0,""
7K6,"Ku",0,""
7K7,"Ky",0,""
7M,"L-M",23,""
7MA,"La",0,""
7MC,"Lam",0,""
7MD,"Lar",0,""
7ME,"Le",0,""
7MF,"Lee",0,""
7MH,"Li",0,""
7MJ,"Lin",0,""
7MK,"Lo",0,""
7MM,"Lon",0,""
7MN,"Lu",0,""
7MP,"Ly",0,""
7MR,"Ma",0,""
7MT,"Mal",0,""
7MU,"Man",0,""
7MV,"Mar",0,""
7MW,"Mat",0,""
7MX,"Mc",0,""
7MY,"Me",0,""
7M2,"Mi",0,""
7M3,"Mil",0,""
7M4,"Mo",0,""
7M6,"Mu",0,""
7M7,"My",0,""
7N,"N",23,""
7NA,"Na",0,""
7NC,"Nag",0,""
7ND,"Nak",0,""
7NE,"Nam",0,""
7NF,"Nan",0,""
7NH,"Nar",0,""
7NJ,"Nas",0,""
7NK,"Nat",0,""
7NM,"Ne",0,""
7NN,"Nel",0,""
7NP,"Ner",0,""
7NR,"Nes",0,""
7NT,"New",0,""
7NU,"Ni",0,""
7NV,"Nic",0,""
7NW,"Nil",0,""
7NX,"Nin",0,""
7NY,"Nis",0,""
7N2,"No",0,""
7N3,"Nor",0,""
7N4,"Not",0,""
7N6,"Nu",0,""
7N7,"Ny",0,""
7P,"O-P",23,""
7PA,"Oa",0,""
7PC,"Ob",0,""
7PD,"Od",0,""
7PE,"Of",0,""
7PF,"Ol",0,""
7PH,"On",0,""
7PJ,"Op",0,""
7PK,"Or",0,""
7PM,"Os",0,""
7PN,"Ou",0,""
7PP,"Ov",0,""
7PR,"Ow",0,""
7PT,"Pa",0,""
7PU,"Par",0,""
7PV,"Pe",0,""
7PW,"Per",0,""
7PX,"Ph",0,""
7PY,"Pi",0,""
7P2,"Pl",0,""
7P3,"Po",0,""
7P4,"Pr",0,""
7P6,"Pri",0,""
7P7,"Pu",0,""
7R,"Q-R",23,""
7RA,"Qa",0,""
7RC,"Qu",0,""
7RD,"Que",0,""
7RE,"Ra",0,""
7RF,"Rab",0,""
7RH,"Rad",0,""
7RJ,"Rai",0,""
7RK,"Ram",0,""
7RM,"Ran",0,""
7RN,"Re",0,""
7RP,"Red",0,""
7RR,"Ren",0,""
7RT,"Rev",0,""
7RU,"Rh",0,""
7RV,"Ri",0,""
7RW,"Ric",0,""
7RX,"Ro",0,""
7RY,"Rob",0,""
7R2,"Rod",0,""
7R3,"Rol",0,""
7R4,"Ron",0,""
7R6,"Ros",0,""
7R7,"Ru",0,""
7T,"S-T",23,""
7TA,"Sa",0,""
7TC,"Sc",0,""
7TD,"Se",0,""
7TE,"Sh",0,""
7TF,"Si",0,""
7TH,"Sk",0,""
7TJ,"Sl",0,""
7TK,"Sm",0,""
7TM,"Sn",0,""
7TN,"So",0,""
7TP,"Sp",0,""
7TR,"St",0,""
7TT,"Su",0,""
7TU,"Sw",0,""
7TV,"Sy",0,""
7TW,"Ta",0,""
7TX,"Te",0,""
7TY,"Th",0,""
7T2,"Ti",0,""
7T3,"To",0,""
7T4,"Tr",0,""
7T6,"Tu",0,""
7T7,"Tw",0,""
7U,"U",23,""
7UA,"Ua",0,""
7UC,"Ub",0,""
7UD,"Uba",0,""
7UE,"Ubi",0,""
7UF,"Uc",0,""
7UH,"Ud",0,""
7UJ,"Uf",0,""
7UK,"Ug",0,""
7UM,"Uk",0,""
7UN,"Ul",0,""
7UP,"Ula",0,""
7UR,"Uli",0,""
7UT,"Um",0,""
7UU,"Un",0,""
7UV,"Una",0,""
7UW,"Und",0,""
7UX,"Uni",0,""
7UY,"Unt",0,""
7U2,"Up",0,""
7U3,"Ur",0,""
7U4,"Us",0,""
7U6,"Ut",0,""
7U7,"Uv",0,""
7V,"V",23,""
7VA,"Va",0,""
7VC,"Val",0,""
7VD,"Van",0,""
7VE,"Var",0,""
7VF,"Vas",0,""
7VH,"Ve",0,""
7VJ,"Vel",0,""
7VK,"Ven",0,""
7VM,"Ver",0,""
7VN,"Ves",0,""
7VP,"Vi",0,""
7VR,"Vic",0,""
7VT,"Vin",0,""
7VU,"Vir",0,""
7VV,"Vis",0,""
7VW,"Viv",0,""
7VX,"Vo",0,""
7VY,"Vol",0,""
7V2,"Von",0,""
7V3,"Vor",0,""
7V4,"Vos",0,""
7V6,"Vu",0,""
7V7,"Vy",0,""
7W,"W",23,""
7WA,"Wa",0,""
7WC,"Wal",0,""
7WD,"War",0,""
7WE,"Was",0,""
7WF,"Wat",0,""
7WH,"We",0,""
7WJ,"Wel",0,""
7WK,"Wes",0,""
7WM,"Wh",0,""
7WN,"Whi",0,""
7WP,"Wi",0,""
7WR,"Wil",0,""
7WT,"Win",0,""
7WU,"Wis",0,""
7WV,"Wit",0,""
7WW,"Wo",0,""
7WX,"Wol",0,""
7WY,"Won",0,""
7W2,"Woo",0,""
7W3,"Wor",0,""
7W4,"Wr",0,""
7W6,"Wu",0,""
7W7,"Wy",0,""
7X,"X",23,""
7XA,"Xa",0,""
7XC,"Xb",0,""
7XD,"Xc",0,""
7XE,"Xd",0,""
7XF,"Xe",0,""
7XH,"Xf",0,""
7XJ,"Xg",0,""
7XK,"Xh",0,""
7XM,"Xi",0,""
7XN,"Xj",0,""
7XP,"Xk",0,""
7XR,"Xl",0,""
7XT,"Xm",0,""
7XU,"Xn",0,""
7XV,"Xo",0,""
7XW,"Xp",0,""
7XX,"Xr",0,""
7XY,"Xs",0,""
7X2,"Xt",0,""
7X3,"Xu",0,""
7X4,"Xv",0,""
7X6,"Xw",0,""
7X7,"Xy",0,""
7Y,"Y-Z",23,""
7YA,"Ya",0,""
7YC,"Yam",0,""
7YD,"Yan",0,""
7YE,"Yar",0,""
7YF,"Yas",0,""
7YH,"Ye",0,""
7YJ,"Yel",0,""
7YK,"Yi",0,""
7YM,"Yo",0,""
7YN,"Yok",0,""
7YP,"You",0,""
7YR,"Yu",0,""
7YT,"Yun",0,""
7YU,"Za",0,""
7YV,"Zam",0,""
7YW,"Zan",0,""
7YX,"Zap",0,""
7YY,"Ze",0,""
7Y2,"Zel",0,""
7Y3,"Zi",0,""
7Y4,"Zim",0,""
7Y6,"Zo",0,""
7Y7,"Zu",0,""
72,"Numbers",10,""
72A,"0",0,""
72C,"1",0,""
72D,"2",0,""
72E,"3",0,""
72F,"4",0,""
72H,"5",0,""
72J,"6",0,""
72K,"7",0,""
72M,"8",0,""
72N,"9",0,""
73,"Symbols",2,""
738,"Other Symbols",0,""
739,"Unspecified Symbols",0,""
74,"CJK overflow",2,""
748,"Other CJK overflow",0,""
749,"Unspecified CJK overflow",0,""
76,"Cyrillic and Arabic and Hebrew",2,""
768,"Other Cyrillic and Arabic and Hebrew",0,""
769,"Unspecified Cyrillic and Arabic and Hebrew",0,""
77,"Greek and Indic and SE Asian",2,""
778,"Other Greek and Indic and SE Asian",0,""
779,"Unspecified Greek and Indic and SE Asian",0,""
78,"Other Artist Sort",1,""
789,"Misc Artist Sort",0,""
79,"Unspecified Artist Sort",1,""
799,"Undecided Artist Sort",0,""
8,"Other",4,""
88,"Other Other",1,""
889,"Misc Other",0,""
89,"Unspecified Other",1,""
899,"Undecided Other",0,""
9,"Unassigned",4,""
98,"Other Unassigned",1,""
989,"Misc Unassigned",0,""
99,"Unspecified Unassigned",1,""
999,"Undecided Unassigned",0,""
